area_sqft,bedrooms,bathrooms,age_years,distance_to_city_km,location_tier,price
1652.4,4,1.0,20,3.04,Tier2,137818.0
980.0,1,3.0,10,1.33,Tier2,112392.0
1875.2,2,1.0,26,15.18,Tier1,105813.0
1970.3,3,2.0,9,5.31,Tier2,146443.0
524.5,5,1.0,13,6.58,Tier2,59823.0
848.9,3,2.0,10,22.59,Tier1,113049.0
1563.9,3,3.0,13,1.86,Tier3,101353.0
1341.9,1,3.0,14,1.39,Tier3,78059.0
1491.6,4,3.0,3,1.88,Tier1,184640.0
1073.5,2,1.0,28,20.41,Tier3,63711.0
1939.7,1,1.0,17,12.02,Tier2,114582.0
1888.9,5,3.0,37,25.66,Tier2,132601.0
1533.0,1,2.0,7,0.83,Tier3,116116.0
2063.6,1,1.0,26,2.22,Tier2,124486.0
1733.8,1,3.0,7,1.38,Tier2,121015.0
1070.4,3,2.0,21,9.87,Tier2,102349.0
1684.4,1,1.0,19,1.74,Tier1,149127.0
1020.6,5,,17,18.48,Tier2,118660.0
1939.2,3,2.0,26,3.19,Tier2,146015.0
1475.0,2,2.0,33,16.24,Tier2,71339.0
1407.6,1,3.0,12,3.24,Tier1,150249.0
1159.5,3,2.0,33,0.92,Tier1,124454.0
2111.3,1,2.0,7,8.88,Tier2,135064.0
1422.7,5,2.0,11,2.92,Tier1,164412.0
1285.8,2,1.0,12,1.02,Tier2,99112.0
1323.9,3,1.0,38,2.65,Tier2,109944.0
1766.2,1,3.0,4,3.23,Tier3,102957.0
1682.7,1,1.0,15,41.92,Tier1,79934.0
1706.4,2,2.0,16,7.95,Tier3,104047.0
1715.4,1,1.0,32,1.14,Tier2,131013.0
2570.8,4,1.0,19,2.57,Tier2,198072.0
1296.8,5,2.0,38,5.7,Tier3,72991.0
1243.9,5,3.0,29,2.25,Tier2,146570.0
1093.1,2,2.0,28,3.09,Tier2,109784.0
1808.0,4,1.0,30,1.52,Tier2,118962.0
2064.5,3,,6,0.69,Tier2,123769.0
1443.0,1,1.0,17,16.59,Tier3,70557.0
1079.9,1,3.0,23,2.89,Tier2,106959.0
1087.8,3,1.0,8,5.96,Tier3,113708.0
1825.3,3,2.0,4,2.37,Tier2,141162.0
1871.6,1,1.0,5,19.23,Tier3,125782.0
1771.6,5,2.0,31,5.13,Tier3,94207.0
1167.2,4,3.0,26,0.84,Tier1,138038.0
1616.1,3,2.0,11,5.51,Tier1,153138.0
1558.3,5,2.0,29,6.84,Tier2,148798.0
1609.3,5,1.0,27,0.68,Tier2,157524.0
1935.7,5,1.0,32,12.44,Tier2,150570.0
1611.8,2,3.0,36,5.22,Tier3,76268.0
1839.5,5,1.0,35,1.26,Tier3,140402.0
1533.8,3,2.0,7,20.14,Tier2,123562.0
1644.6,4,1.0,30,10.47,Tier2,92595.0
1815.6,5,1.0,15,7.39,Tier1,143912.0
771.4,1,2.0,16,0.5,Tier2,93741.0
1340.2,3,3.0,25,24.28,Tier1,114176.0
1264.8,1,1.0,24,3.85,Tier2,68140.0
1180.6,2,3.0,16,3.23,Tier2,105229.0
1362.4,3,2.0,39,0.5,Tier2,110782.0
2247.5,5,3.0,6,2.46,Tier2,193379.0
1067.1,5,1.0,3,14.56,Tier2,90202.0
1984.1,2,3.0,1,14.34,Tier1,200478.0
658.6,2,1.0,32,0.72,Tier1,102531.0
1332.6,3,3.0,16,3.97,Tier3,103037.0
1581.4,5,2.0,17,9.77,Tier3,119320.0
1793.1,5,2.0,25,5.24,Tier2,153763.0
1855.6,2,1.0,17,2.0,Tier1,140836.0
1896.7,1,2.0,22,7.59,Tier2,125961.0
1325.6,4,1.0,2,5.19,Tier2,110495.0
1268.8,2,2.0,6,5.63,Tier2,111828.0
1929.0,1,3.0,37,1.37,Tier1,130672.0
1404.3,1,,18,4.11,Tier2,82119.0
862.2,3,1.0,6,10.91,Tier1,138901.0
933.4,2,1.0,14,5.22,Tier2,86090.0
1040.3,3,1.0,13,7.4,Tier1,124845.0
1748.6,2,1.0,10,3.49,Tier2,101064.0
1571.2,4,1.0,11,12.48,Tier2,117827.0
1845.2,4,2.0,29,0.92,Tier1,176882.0
1286.4,3,1.0,4,9.38,Tier2,116776.0
1579.3,1,3.0,12,1.53,Tier2,93213.0
1812.8,3,3.0,18,2.26,Tier3,135638.0
1345.3,4,3.0,21,17.24,Tier3,102278.0
1728.4,2,2.0,35,4.09,Tier1,158762.0
1169.0,2,1.0,36,4.56,Tier3,55349.0
1318.5,3,3.0,11,8.16,Tier2,87706.0
1309.1,2,1.0,21,9.29,Tier2,78557.0
902.1,3,2.0,0,7.99,Tier2,88055.0
1743.5,2,2.0,24,6.34,Tier2,132420.0
1265.3,2,3.0,6,0.5,Tier1,108114.0
1506.2,4,2.0,2,1.32,Tier3,127401.0
1740.4,3,3.0,26,2.52,Tier2,158582.0
1723.3,3,3.0,7,14.45,Tier2,137334.0
1832.7,4,2.0,19,20.31,Tier2,142513.0
1450.8,2,3.0,4,5.19,Tier1,129477.0
1288.4,1,1.0,29,3.68,Tier1,85771.0
1460.1,5,3.0,30,25.7,Tier2,129727.0
656.3,1,1.0,22,5.64,Tier2,57972.0
776.4,3,3.0,33,9.87,Tier3,61130.0
838.7,2,2.0,17,6.58,Tier2,64666.0
1001.4,2,3.0,7,3.63,Tier2,107623.0
1699.9,1,1.0,6,4.51,Tier3,90591.0
1047.3,5,2.0,8,8.27,Tier1,163842.0
1310.9,3,3.0,8,18.8,Tier2,151505.0
2149.6,2,1.0,12,4.56,Tier2,155669.0
1321.9,4,1.0,8,4.17,Tier1,142166.0
1868.8,1,1.0,23,0.5,Tier1,109433.0
1033.2,3,1.0,5,1.03,Tier1,110157.0
1397.3,3,2.0,24,0.5,Tier1,167387.0
1025.0,3,2.0,13,1.08,Tier2,93116.0
1330.5,1,1.0,27,11.91,Tier1,98070.0
1920.2,5,1.0,20,10.46,Tier2,157289.0
636.3,2,1.0,36,11.92,Tier1,91944.0
1717.2,4,3.0,17,0.5,Tier1,175667.0
1618.9,4,3.0,11,8.72,Tier2,137610.0
1202.9,2,1.0,23,2.51,Tier1,120809.0
777.0,1,1.0,26,5.07,Tier3,35549.0
1536.1,2,1.0,17,17.24,Tier2,89907.0
1235.3,5,3.0,22,6.5,Tier1,157540.0
1616.3,5,3.0,18,1.0,Tier1,183000.0
1510.9,5,3.0,12,3.92,Tier2,183215.0
2300.9,2,1.0,12,24.84,Tier2,138216.0
1380.3,4,2.0,36,18.27,Tier3,97564.0
988.3,1,1.0,27,12.41,Tier2,44855.0
1589.6,4,3.0,3,1.08,Tier2,165668.0
1610.0,3,2.0,38,1.33,Tier2,106665.0
2179.6,4,1.0,28,0.81,Tier3,148543.0
1917.6,4,3.0,2,1.13,Tier2,185254.0
1678.4,5,2.0,29,0.5,Tier1,170870.0
2231.7,3,2.0,23,14.72,Tier2,180629.0
905.6,2,1.0,36,9.53,Tier3,67459.0
1180.1,3,1.0,19,12.41,Tier2,110568.0
1036.7,1,3.0,20,5.34,Tier3,83893.0
1305.1,1,1.0,12,0.5,Tier3,114505.0
811.7,3,1.0,12,4.95,Tier1,92491.0
1817.6,5,3.0,24,0.51,Tier3,166621.0
1388.9,3,1.0,33,15.4,Tier2,73692.0
764.6,4,2.0,35,0.5,Tier2,78165.0
992.2,1,3.0,30,3.02,Tier2,88413.0
1656.8,3,2.0,24,14.47,Tier3,118768.0
1919.1,4,2.0,20,12.22,Tier2,124989.0
2498.4,2,1.0,13,13.74,Tier2,146337.0
2956.9,1,2.0,30,7.99,Tier1,193719.0
1707.2,1,2.0,12,1.76,Tier2,123851.0
1005.2,5,,10,12.18,Tier3,110456.0
434.0,4,1.0,34,15.77,Tier2,99113.0
1633.9,2,1.0,23,15.99,Tier1,131399.0
1093.5,2,3.0,14,12.93,Tier3,67927.0
1292.3,1,3.0,34,8.56,Tier3,50695.0
1194.0,5,3.0,38,18.22,Tier2,92551.0
1429.6,1,1.0,12,12.68,Tier1,105556.0
2033.0,4,3.0,20,0.56,Tier2,173990.0
1578.5,2,1.0,19,2.78,Tier1,148165.0
1420.7,2,2.0,28,3.39,Tier2,98623.0
982.2,2,1.0,38,15.92,Tier2,85376.0
662.7,5,3.0,21,6.58,Tier3,72408.0
1256.8,1,1.0,31,0.5,Tier2,83651.0
1473.1,2,3.0,23,0.89,Tier3,114779.0
2384.0,2,1.0,35,2.98,Tier3,141997.0
1565.1,2,3.0,16,1.98,Tier1,173249.0
1991.4,1,2.0,15,1.41,Tier1,170301.0
1250.4,5,1.0,16,2.52,Tier2,142452.0
907.5,2,1.0,39,8.64,Tier3,34834.0
1017.4,3,3.0,24,9.81,Tier2,107674.0
1137.4,2,1.0,6,20.75,Tier2,96739.0
2564.2,5,1.0,1,6.4,Tier2,222420.0
1089.3,2,2.0,20,3.18,Tier2,70624.0
1919.2,2,1.0,32,4.26,Tier2,107643.0
1048.5,2,1.0,19,0.5,Tier1,129974.0
1965.8,2,2.0,22,3.11,Tier1,123183.0
1692.5,1,3.0,31,1.74,Tier1,148116.0
1421.7,4,3.0,20,1.04,Tier3,136730.0
1479.6,1,3.0,36,3.78,Tier3,74999.0
1172.6,2,1.0,25,1.12,Tier3,71832.0
1723.0,2,2.0,29,0.56,Tier1,132171.0
1272.5,2,1.0,31,7.55,Tier2,77944.0
887.2,4,3.0,25,11.52,Tier1,110151.0
861.0,3,2.0,2,4.63,Tier2,94655.0
1586.3,5,1.0,17,0.5,Tier1,159050.0
2289.5,2,3.0,5,3.64,Tier3,153043.0
1580.0,5,1.0,20,0.5,Tier1,163153.0
1440.7,1,1.0,5,8.65,Tier2,133764.0
1642.9,3,3.0,20,15.81,Tier3,100263.0
2153.0,4,2.0,13,6.66,Tier2,171419.0
1609.7,3,3.0,0,2.04,Tier1,168379.0
1294.5,5,2.0,4,20.57,Tier3,98002.0
2053.1,2,3.0,20,8.5,Tier2,116887.0
1714.4,1,2.0,3,0.61,Tier2,112014.0
2267.9,4,1.0,34,1.69,Tier2,138059.0
1591.6,1,1.0,30,10.14,Tier3,79171.0
887.8,4,3.0,28,1.75,Tier2,118035.0
815.9,4,1.0,6,5.48,Tier2,74620.0
2325.5,5,2.0,31,3.69,Tier2,163811.0
2361.8,3,1.0,25,2.69,Tier1,163359.0
1410.2,5,1.0,15,0.98,Tier3,118368.0
1308.4,1,2.0,0,9.31,Tier1,148387.0
2230.7,3,1.0,21,7.6,Tier2,142917.0
946.5,1,2.0,31,16.2,Tier2,55375.0
1052.6,4,3.0,1,2.16,Tier1,178068.0
1821.7,4,1.0,2,0.5,Tier2,167752.0
1302.7,5,1.0,15,18.26,Tier2,99819.0
1497.4,4,1.0,20,7.31,Tier2,124480.0
1418.3,2,3.0,18,0.5,Tier1,134501.0
1668.8,1,2.0,17,35.27,Tier3,71826.0
2203.7,5,2.0,10,16.7,Tier3,159873.0
1545.3,3,1.0,2,3.39,Tier2,115093.0
1822.0,1,3.0,1,7.23,Tier2,142252.0
474.9,5,1.0,3,2.52,Tier1,121561.0
1475.6,5,3.0,27,2.15,Tier1,172769.0
1078.4,3,1.0,31,4.28,Tier2,100459.0
890.6,4,3.0,17,2.72,Tier3,101831.0
1060.9,1,1.0,3,3.01,Tier2,90491.0
1332.9,1,1.0,16,0.6,Tier2,115128.0
1958.0,2,2.0,39,38.85,Tier3,52984.0
836.8,4,1.0,9,7.86,Tier2,77396.0
1515.3,1,1.0,19,0.9,Tier1,84551.0
1257.9,1,2.0,21,1.13,Tier2,96692.0
1336.2,4,1.0,13,10.53,Tier1,128455.0
2001.4,4,2.0,17,60.0,Tier3,82435.0
1769.1,4,3.0,18,5.35,Tier2,120064.0
2168.7,4,1.0,18,1.78,Tier2,154196.0
1422.7,5,2.0,28,36.2,Tier2,97355.0
1152.0,4,1.0,23,8.08,Tier3,71056.0
1388.1,3,2.0,2,2.34,Tier2,140134.0
1621.2,5,1.0,0,6.07,Tier2,145421.0
1588.3,2,1.0,16,5.68,Tier1,140308.0
957.8,1,1.0,36,9.91,Tier3,49128.0
1545.2,4,3.0,1,7.57,Tier2,163669.0
1614.1,2,1.0,2,21.85,Tier1,135272.0
2758.7,5,3.0,27,13.09,Tier3,163423.0
2438.4,3,3.0,18,3.55,Tier1,195392.0
1073.4,5,2.0,9,20.39,Tier2,116553.0
1356.3,1,1.0,8,2.58,Tier2,90997.0
768.3,4,3.0,26,4.16,Tier2,91948.0
1204.6,3,3.0,20,0.5,Tier2,111844.0
1657.8,3,1.0,25,10.65,Tier1,137563.0
2102.9,2,3.0,11,6.98,Tier1,163834.0
1135.5,5,3.0,21,10.82,Tier1,114205.0
1172.9,2,1.0,34,26.69,Tier1,88231.0
426.4,5,1.0,12,3.99,Tier3,86395.0
1418.7,3,3.0,15,11.35,Tier2,92432.0
968.8,1,1.0,6,8.64,Tier2,86810.0
1235.3,5,2.0,25,17.92,Tier2,121510.0
1061.6,1,1.0,1,23.33,Tier2,81218.0
1452.9,2,3.0,9,17.23,Tier1,129517.0
621.1,5,1.0,28,5.28,Tier1,93173.0
766.5,5,1.0,0,1.77,Tier2,117417.0
2564.6,5,1.0,39,0.94,Tier2,179616.0
856.3,3,1.0,16,2.59,Tier3,77349.0
951.6,4,2.0,15,4.13,Tier3,89917.0
2418.5,2,1.0,21,21.95,Tier3,102544.0
2952.5,4,3.0,25,3.66,Tier1,236579.0
914.2,3,2.0,18,0.5,Tier1,131774.0
1315.9,1,1.0,35,3.42,Tier1,109699.0
1670.8,3,3.0,38,3.8,Tier3,109240.0
2364.3,3,2.0,8,2.26,Tier3,188292.0
1006.6,2,3.0,28,6.35,Tier3,61942.0
1377.4,2,1.0,12,4.24,Tier1,154403.0
1888.7,3,3.0,39,0.59,Tier3,110515.0
1717.4,1,2.0,10,5.23,Tier2,141225.0
1311.9,1,3.0,11,11.78,Tier3,104162.0
1433.1,4,2.0,28,8.66,Tier2,111469.0
812.6,2,3.0,31,0.61,Tier1,131014.0
1380.9,4,2.0,5,20.57,Tier1,149403.0
1366.8,3,1.0,22,6.58,Tier3,78685.0
1616.1,3,1.0,13,5.31,Tier2,122424.0
1222.3,3,3.0,24,2.06,Tier2,130441.0
1735.8,3,3.0,22,14.33,Tier2,139843.0
2006.4,5,2.0,39,9.81,Tier2,126476.0
1577.7,5,3.0,37,0.5,Tier3,121597.0
1675.9,2,1.0,26,0.85,Tier1,146025.0
1526.6,4,1.0,27,0.5,Tier1,143515.0
1500.0,5,2.0,35,6.3,Tier3,144814.0
1139.2,1,2.0,7,47.74,Tier2,50572.0
1658.2,4,3.0,29,20.6,Tier1,141065.0
1451.4,3,3.0,30,7.05,Tier1,156966.0
2546.6,5,1.0,5,30.26,Tier1,186541.0
2286.7,3,3.0,35,4.62,Tier1,194905.0
1692.9,5,2.0,27,2.69,Tier1,144802.0
1118.5,1,,13,5.49,Tier1,115130.0
943.8,1,1.0,19,2.22,Tier2,93056.0
2095.6,5,1.0,19,2.83,Tier3,174730.0
1631.4,3,1.0,36,6.0,Tier3,82975.0
1740.1,3,3.0,38,7.99,Tier2,107664.0
627.7,1,1.0,32,14.22,Tier2,45234.0
1963.7,2,3.0,26,4.55,Tier3,113583.0
1727.2,5,3.0,4,10.53,Tier3,141501.0
944.8,2,1.0,36,0.5,Tier2,86985.0
1264.2,3,3.0,5,2.02,Tier1,147627.0
1631.9,2,1.0,6,1.51,Tier2,101497.0
1526.2,2,1.0,2,7.34,Tier2,102385.0
1353.9,1,2.0,37,1.06,Tier2,89974.0
1448.3,5,1.0,19,35.56,Tier1,91592.0
1374.0,5,1.0,9,6.46,Tier3,114293.0
1576.3,1,1.0,3,15.43,Tier2,85013.0
2235.7,2,2.0,16,0.65,Tier2,183801.0
300.0,3,1.0,28,7.8,Tier1,104719.0
1381.6,2,1.0,39,11.83,Tier3,48808.0
1588.3,4,2.0,22,7.23,Tier2,133989.0
1648.0,2,2.0,24,6.06,Tier1,127518.0
1314.0,1,3.0,33,10.35,Tier2,80239.0
621.6,2,1.0,36,24.65,Tier2,55755.0
1664.0,3,2.0,11,7.49,Tier3,112410.0
2363.7,1,3.0,39,15.2,Tier1,147454.0
733.1,5,2.0,20,3.58,Tier3,72222.0
1931.9,1,1.0,37,4.51,Tier2,126778.0
1335.7,1,2.0,4,7.56,Tier1,83568.0
1469.3,3,2.0,3,1.45,Tier1,156688.0
973.6,3,1.0,35,1.42,Tier1,107281.0
1332.8,2,2.0,26,55.43,Tier1,55406.0
2150.0,2,1.0,7,18.43,Tier2,148734.0
1791.3,1,2.0,35,22.82,Tier2,105208.0
2366.2,4,3.0,4,15.9,Tier1,181851.0
2088.7,2,2.0,27,13.05,Tier3,144572.0
1719.5,1,3.0,8,19.52,Tier1,117807.0
2372.0,2,1.0,2,8.3,Tier2,182367.0
1719.5,5,3.0,32,3.23,Tier3,133747.0
1914.0,2,3.0,33,16.72,Tier3,92678.0
1351.7,5,3.0,4,8.72,Tier2,137777.0
1533.3,2,3.0,3,2.09,Tier2,137257.0
1151.3,1,2.0,24,27.57,Tier1,86409.0
1994.8,2,2.0,1,11.21,Tier1,157682.0
910.8,2,3.0,29,2.64,Tier2,81668.0
1891.2,1,3.0,36,5.92,Tier1,130092.0
1404.7,3,2.0,30,8.23,Tier2,87136.0
2085.6,2,1.0,9,4.99,Tier1,159832.0
1875.4,4,1.0,7,14.29,Tier3,110768.0
2410.3,3,1.0,27,7.36,Tier3,132776.0
1865.4,3,1.0,2,3.94,Tier3,142431.0
714.0,3,1.0,21,8.84,Tier2,74099.0
1466.5,1,1.0,17,17.6,Tier1,141222.0
914.0,4,3.0,29,0.68,Tier1,95532.0
1240.9,1,1.0,8,1.76,Tier2,108571.0
2255.6,4,2.0,30,10.04,Tier2,153830.0
1818.8,5,2.0,27,13.29,Tier2,150627.0
1150.5,4,1.0,9,3.84,Tier2,128471.0
993.1,3,3.0,14,2.1,Tier2,107464.0
1516.4,2,3.0,2,38.66,Tier1,121423.0
891.7,5,3.0,17,3.44,Tier2,105692.0
1164.4,2,3.0,10,1.34,Tier2,123817.0
1656.0,3,2.0,4,8.65,Tier2,110041.0
2077.7,4,3.0,22,7.9,Tier3,155453.0
1804.4,5,1.0,22,1.19,Tier2,150843.0
354.4,5,3.0,3,7.75,Tier2,88714.0
1652.2,1,3.0,7,0.5,Tier3,115921.0
1536.0,5,1.0,3,7.93,Tier1,167496.0
1706.9,1,2.0,27,2.67,Tier2,133005.0
2308.1,3,2.0,13,3.51,Tier2,218293.0
468.4,5,1.0,2,3.1,Tier2,116394.0
1204.4,4,3.0,7,6.08,Tier1,145852.0
1795.5,5,1.0,39,11.88,Tier3,118761.0
709.2,2,1.0,10,7.0,Tier3,70158.0
2238.0,2,1.0,27,2.35,Tier1,154599.0
1684.2,2,3.0,18,1.29,Tier1,140352.0
1923.3,2,1.0,7,12.48,Tier1,155636.0
1214.5,4,2.0,12,4.3,Tier3,120085.0
1906.9,3,3.0,0,7.35,Tier2,136347.0
2034.2,4,1.0,29,3.85,Tier1,160075.0
1616.4,3,3.0,13,2.21,Tier3,135356.0
1617.2,2,1.0,19,1.48,Tier2,120515.0
1635.2,1,3.0,6,2.0,Tier2,153799.0
1068.3,3,1.0,32,0.5,Tier2,70046.0
1426.2,5,1.0,8,17.71,Tier2,158939.0
1423.7,5,3.0,22,1.39,Tier2,118850.0
1691.7,2,3.0,34,5.88,Tier1,110886.0
1999.9,3,3.0,28,3.29,Tier2,146769.0
970.7,4,3.0,24,12.16,Tier3,64724.0
1437.5,4,2.0,35,10.26,Tier2,107980.0
2240.7,1,1.0,7,0.5,Tier3,137730.0
1128.2,3,1.0,38,2.42,Tier2,84169.0
1088.9,1,2.0,22,10.52,Tier3,49579.0
1601.2,1,2.0,16,5.49,Tier1,145160.0
1922.2,4,2.0,10,28.81,Tier3,110782.0
1505.7,1,1.0,29,25.39,Tier1,111171.0
2164.5,2,2.0,39,8.91,Tier1,149631.0
1928.4,3,1.0,27,1.27,Tier1,147829.0
1920.9,4,1.0,1,7.43,Tier1,158016.0
1777.1,3,1.0,18,8.86,Tier3,110240.0
2663.8,1,2.0,29,12.76,Tier3,113647.0
1397.4,4,2.0,15,18.02,Tier3,77999.0
498.2,5,1.0,30,0.75,Tier1,112930.0
2302.1,5,2.0,28,29.75,Tier3,100344.0
1271.2,4,1.0,2,1.29,Tier2,153596.0
1553.9,3,1.0,22,1.25,Tier2,124996.0
2154.8,5,1.0,6,2.23,Tier2,179605.0
698.9,3,2.0,19,13.04,Tier2,57580.0
874.2,1,3.0,15,2.23,Tier1,123497.0
699.4,5,1.0,32,10.95,Tier2,76187.0
1102.9,2,1.0,34,12.64,Tier2,58482.0
1719.8,5,,18,2.43,Tier1,176677.0
1762.1,2,2.0,21,6.85,Tier2,98846.0
1638.1,5,3.0,25,4.33,Tier2,122185.0
793.6,3,1.0,26,24.36,Tier2,36845.0
344.9,3,2.0,25,5.22,Tier3,50221.0
1527.2,2,3.0,31,0.5,Tier3,101910.0
1264.1,5,3.0,39,5.85,Tier2,130718.0
1729.7,1,2.0,33,7.22,Tier2,90618.0
1851.0,3,3.0,5,3.53,Tier2,166937.0
1569.1,2,3.0,19,21.58,Tier2,101649.0
1880.1,3,3.0,18,14.51,Tier1,147040.0
1614.6,2,1.0,20,3.99,Tier2,121718.0
1765.0,4,1.0,21,2.76,Tier2,139147.0
1147.7,2,1.0,28,2.58,Tier2,78446.0
1410.2,1,3.0,16,1.81,Tier3,99163.0
1598.4,1,2.0,10,18.75,Tier2,100471.0
1910.3,4,1.0,18,3.57,Tier2,146527.0
1303.1,2,2.0,34,0.85,Tier1,116744.0
1760.6,2,1.0,12,10.34,Tier1,127448.0
1367.1,4,3.0,0,0.75,Tier2,150577.0
1441.2,2,2.0,39,22.16,Tier2,63229.0
1914.8,2,3.0,7,0.5,Tier1,165233.0
503.5,2,1.0,24,4.12,Tier1,78423.0
851.8,2,2.0,32,5.01,Tier1,107989.0
758.9,4,1.0,10,7.24,Tier3,81040.0
333.2,3,3.0,13,0.72,Tier3,56428.0
1160.9,5,2.0,11,11.97,Tier2,111309.0
1874.7,4,2.0,5,3.34,Tier1,197271.0
1357.6,1,2.0,6,9.61,Tier1,93591.0
1598.9,2,1.0,7,4.08,Tier1,162410.0
2044.6,2,,18,6.34,Tier2,118116.0
2163.8,3,2.0,21,17.38,Tier1,143310.0
1465.4,2,3.0,0,0.5,Tier2,130958.0
2176.8,5,1.0,33,0.66,Tier3,179205.0
1546.1,2,1.0,27,15.59,Tier2,118153.0
1081.3,3,3.0,2,26.41,Tier3,90375.0
1202.8,1,1.0,33,17.09,Tier1,91578.0
759.7,5,1.0,1,18.79,Tier1,91703.0
1055.9,5,3.0,22,3.06,Tier3,108881.0
1321.0,4,1.0,18,28.67,Tier2,81004.0
1901.8,2,1.0,20,7.14,Tier2,114270.0
2360.4,1,2.0,38,1.55,Tier3,126084.0
808.9,4,1.0,37,1.01,Tier2,74569.0
1696.4,3,1.0,11,2.33,Tier2,150261.0
979.7,5,1.0,23,9.9,Tier2,69669.0
1737.3,4,1.0,38,22.85,Tier1,127177.0
1434.5,3,1.0,29,3.63,Tier1,119978.0
584.5,5,3.0,35,9.65,Tier1,98498.0
1964.1,5,1.0,17,4.67,Tier3,148569.0
1197.5,3,1.0,11,0.5,Tier2,97715.0
1233.0,1,1.0,20,1.63,Tier1,119161.0
965.1,1,2.0,32,1.09,Tier1,96158.0
1172.9,3,3.0,37,7.46,Tier2,84187.0
1713.9,3,2.0,27,0.5,Tier3,110439.0
1405.4,1,1.0,28,3.89,Tier1,113880.0
1664.3,1,1.0,20,25.54,Tier2,73049.0
1681.0,4,2.0,12,1.12,Tier3,135209.0
2160.3,4,1.0,16,1.82,Tier3,145858.0
1328.6,1,3.0,19,2.27,Tier3,82332.0
761.6,3,3.0,32,8.08,Tier1,125634.0
2033.6,1,2.0,22,9.03,Tier1,157479.0
1334.3,4,3.0,31,1.76,Tier2,116061.0
2057.3,5,1.0,1,3.81,Tier1,204686.0
1691.7,5,1.0,30,3.6,Tier3,105866.0
1434.4,3,3.0,20,1.43,Tier1,146453.0
1674.4,4,3.0,39,1.6,Tier2,127802.0
2475.5,5,1.0,18,18.37,Tier3,133624.0
2538.5,4,,19,0.87,Tier3,178489.0
1534.7,3,1.0,5,3.75,Tier2,124653.0
1580.1,4,2.0,32,0.92,Tier3,108971.0
2038.1,3,3.0,28,5.81,Tier1,163005.0
1077.2,5,3.0,34,9.32,Tier2,149862.0
1666.5,3,2.0,3,4.78,Tier1,159251.0
1487.1,5,3.0,8,2.59,Tier3,108810.0
1657.0,1,2.0,35,8.54,Tier3,58606.0
1083.3,1,3.0,1,2.33,Tier1,144955.0
705.2,1,1.0,20,14.38,Tier1,95054.0
463.5,3,2.0,16,2.49,Tier2,66166.0
941.3,4,,37,2.05,Tier1,136185.0
1270.7,2,2.0,34,21.39,Tier3,67794.0
1353.4,1,1.0,35,22.41,Tier1,82933.0
2468.6,5,1.0,11,2.46,Tier3,172771.0
2053.0,4,3.0,23,20.91,Tier2,143870.0
1019.0,4,1.0,28,22.09,Tier2,87197.0
1673.9,3,2.0,38,2.78,Tier1,149912.0
1296.5,3,2.0,0,16.58,Tier3,88779.0
1357.8,1,2.0,39,52.33,Tier2,24278.0
1592.7,1,1.0,14,0.5,Tier2,145552.0
1809.6,5,1.0,5,13.73,Tier2,153777.0
1330.4,2,1.0,24,0.5,Tier3,100758.0
2031.9,4,1.0,31,18.29,Tier3,119953.0
929.0,4,1.0,5,1.35,Tier3,101928.0
1503.2,2,1.0,1,13.52,Tier2,115767.0
2798.8,2,1.0,35,1.93,Tier3,164092.0
1611.5,4,3.0,37,3.23,Tier1,164882.0
2216.6,1,2.0,6,2.95,Tier2,159443.0
1545.8,3,1.0,36,3.45,Tier2,97947.0
1790.4,5,2.0,36,16.83,Tier2,131311.0
1471.6,4,1.0,39,4.04,Tier3,93527.0
1414.8,4,2.0,8,5.01,Tier3,115707.0
1110.3,1,1.0,23,0.5,Tier2,124695.0
1715.2,1,1.0,39,5.0,Tier2,73468.0
1074.2,2,1.0,36,2.32,Tier3,77508.0
1832.8,2,2.0,24,3.22,Tier3,101640.0
2042.6,1,2.0,7,9.9,Tier3,124619.0
1683.3,5,2.0,3,2.77,Tier1,226971.0
1356.9,1,2.0,10,3.6,Tier2,94090.0
1727.0,4,3.0,2,8.3,Tier3,130928.0
1345.7,3,3.0,7,3.24,Tier3,116536.0
1967.8,4,2.0,2,9.22,Tier2,150012.0
584.3,2,2.0,30,1.59,Tier2,77566.0
1332.2,2,2.0,23,0.67,Tier2,100384.0
504.6,4,1.0,20,2.39,Tier2,88175.0
752.5,2,2.0,32,6.69,Tier3,30059.0
2181.9,4,1.0,16,2.03,Tier1,163763.0
1947.6,1,3.0,16,40.78,Tier2,90208.0
1140.3,1,2.0,8,8.67,Tier2,69679.0
748.7,4,3.0,17,3.45,Tier3,109469.0
300.0,4,3.0,6,39.86,Tier2,21425.0
1228.3,1,2.0,23,3.75,Tier2,75951.0
2710.2,5,3.0,39,0.5,Tier1,224915.0
1717.4,1,2.0,21,5.24,Tier1,131989.0
1220.2,5,1.0,11,10.04,Tier2,97392.0
1732.5,4,1.0,27,2.73,Tier1,189353.0
719.5,5,1.0,32,0.89,Tier3,59288.0
1351.3,5,3.0,18,23.35,Tier3,97205.0
1549.7,2,2.0,10,4.39,Tier1,147087.0
1456.9,4,1.0,28,10.62,Tier3,105362.0
1895.4,2,2.0,7,15.08,Tier2,139011.0
1672.3,3,1.0,39,6.87,Tier2,95773.0
1834.2,2,3.0,12,6.17,Tier3,120811.0
1155.8,3,3.0,14,5.48,Tier2,110611.0
1948.9,5,1.0,29,23.1,Tier1,162754.0
2314.5,3,3.0,0,3.14,Tier1,193436.0
1014.9,1,2.0,8,11.5,Tier2,113816.0
1056.2,2,1.0,5,6.51,Tier3,70608.0
2167.9,4,3.0,15,0.95,Tier2,177129.0
1404.3,3,1.0,22,9.89,Tier2,87349.0
2201.9,3,1.0,7,14.72,Tier1,156364.0
1278.7,3,1.0,13,3.79,Tier3,84871.0
2227.5,2,2.0,30,8.06,Tier2,124147.0
1565.7,3,2.0,37,4.64,Tier2,105902.0
1629.1,4,1.0,0,0.5,Tier2,138171.0
2282.4,5,1.0,25,3.84,Tier1,204942.0
1319.1,4,1.0,1,4.38,Tier1,145155.0
1029.4,5,3.0,20,56.36,Tier2,44434.0
1275.7,5,3.0,35,8.39,Tier2,109824.0
1726.2,1,3.0,31,1.74,Tier2,132318.0
717.1,2,2.0,9,4.68,Tier3,72267.0
1818.7,2,2.0,10,1.03,Tier1,166200.0
1230.6,1,3.0,31,17.32,Tier2,52455.0
2073.9,1,2.0,32,17.57,Tier1,117870.0
302.9,4,2.0,11,12.8,Tier1,73801.0
1106.7,2,1.0,0,2.86,Tier3,112507.0
656.8,1,2.0,17,0.5,Tier3,64597.0
1086.9,2,1.0,24,3.51,Tier3,59013.0
1623.8,2,1.0,17,18.28,Tier1,118196.0
1410.4,1,3.0,37,15.89,Tier2,67478.0
1373.3,1,3.0,32,1.29,Tier2,86230.0
1420.4,4,1.0,31,8.27,Tier3,100202.0
1601.7,5,1.0,0,4.64,Tier2,150204.0
995.7,3,1.0,34,8.45,Tier3,92664.0
1853.4,4,3.0,30,8.76,Tier1,183911.0
1831.3,5,1.0,15,0.78,Tier2,178273.0
1692.5,5,1.0,23,3.95,Tier3,136556.0
1778.3,1,1.0,32,1.82,Tier2,102787.0
1648.2,5,3.0,36,5.96,Tier2,145429.0
2517.5,1,2.0,22,1.26,Tier2,154534.0
1456.5,1,3.0,1,2.91,Tier3,135987.0
1346.5,3,3.0,24,3.63,Tier1,148835.0
1123.2,4,1.0,27,4.32,Tier3,90308.0
983.9,1,3.0,2,12.91,Tier2,92009.0
877.8,2,2.0,32,0.5,Tier2,104792.0
1055.6,2,2.0,8,17.95,Tier2,64340.0
1464.7,2,1.0,35,5.84,Tier1,146805.0
1667.1,5,3.0,22,7.63,Tier3,128811.0
1525.6,2,3.0,12,1.08,Tier3,95290.0
1117.2,2,2.0,2,7.28,Tier3,80241.0
1950.1,1,1.0,0,4.03,Tier3,100902.0
1869.7,1,3.0,29,1.16,Tier2,136692.0
1420.2,1,3.0,15,7.76,Tier2,92118.0
1173.5,3,2.0,33,1.2,Tier3,87365.0
1774.2,3,2.0,9,1.26,Tier1,191006.0
1594.0,3,1.0,36,29.33,Tier3,54622.0
775.9,5,1.0,37,5.79,Tier2,78231.0
1466.0,3,3.0,4,13.13,Tier2,108798.0
1631.0,1,2.0,25,0.55,Tier2,108065.0
1050.2,2,1.0,37,4.08,Tier2,112618.0
1594.9,2,3.0,12,0.96,Tier1,171658.0
772.6,5,1.0,2,1.62,Tier2,111118.0
2168.1,2,1.0,35,11.7,Tier2,113186.0
2124.0,1,1.0,18,3.83,Tier1,159568.0
1373.7,4,2.0,1,43.33,Tier1,119846.0
1681.7,3,2.0,33,0.73,Tier2,119524.0
300.0,1,1.0,27,4.21,Tier2,44297.0
921.8,4,2.0,2,2.49,Tier3,89205.0
1353.1,2,2.0,10,2.23,Tier1,128600.0
963.9,5,2.0,0,1.96,Tier2,136399.0
1857.2,5,2.0,38,7.32,Tier1,146150.0
2498.6,2,3.0,0,1.99,Tier2,199480.0
911.7,3,3.0,31,8.38,Tier2,84517.0
1081.3,3,1.0,20,3.99,Tier2,69852.0
1617.7,4,3.0,23,7.82,Tier2,136743.0
2305.6,1,2.0,32,1.65,Tier2,115425.0
888.8,2,1.0,35,19.31,Tier1,84674.0
1624.5,1,2.0,5,12.84,Tier2,111092.0
2410.6,4,3.0,0,6.55,Tier2,222438.0
674.1,1,3.0,4,13.99,Tier2,87794.0
859.5,3,2.0,27,6.07,Tier2,67182.0
1288.2,4,1.0,22,0.5,Tier3,72899.0
1239.7,5,1.0,3,5.76,Tier2,121347.0
1906.3,2,1.0,9,3.98,Tier1,146020.0
1620.8,1,3.0,21,3.73,Tier1,170148.0
612.5,4,2.0,29,9.8,Tier1,97514.0
1757.7,1,2.0,13,1.3,Tier2,142930.0
1211.2,1,3.0,37,20.84,Tier3,44680.0
2137.2,5,3.0,39,9.67,Tier3,136365.0
1186.2,5,3.0,30,5.39,Tier2,118349.0
1181.7,4,1.0,18,3.27,Tier1,154354.0
1770.6,5,2.0,35,17.97,Tier3,113643.0
1881.5,1,3.0,29,2.81,Tier1,134641.0
1724.0,1,3.0,20,33.81,Tier2,111963.0
657.2,2,1.0,17,7.26,Tier3,47153.0
1769.0,1,2.0,33,22.46,Tier2,81266.0
982.8,5,3.0,22,2.59,Tier1,100991.0
1617.6,1,1.0,7,23.37,Tier1,129750.0
788.1,3,2.0,39,14.89,Tier2,60848.0
1723.2,5,1.0,2,1.27,Tier1,189531.0
1096.7,4,3.0,27,13.53,Tier2,92956.0
858.7,2,1.0,26,8.43,Tier2,59394.0
1856.9,3,1.0,23,0.5,Tier2,132302.0
1620.8,3,1.0,2,20.58,Tier1,150689.0
1193.0,4,1.0,19,1.63,Tier3,109086.0
2225.6,3,2.0,35,0.5,Tier2,148210.0
1279.7,2,1.0,9,0.57,Tier2,126338.0
1516.1,4,2.0,27,1.07,Tier2,128728.0
1634.5,5,2.0,34,13.78,Tier1,140421.0
1190.2,3,2.0,38,7.47,Tier2,92127.0
1735.6,1,3.0,20,7.4,Tier2,99506.0
1233.3,3,2.0,12,0.5,Tier2,123954.0
1294.2,5,2.0,27,5.39,Tier3,83503.0
2181.3,5,3.0,19,11.35,Tier3,139827.0
979.7,3,1.0,25,4.19,Tier3,42678.0
300.0,1,3.0,29,2.03,Tier2,44734.0
2305.5,3,3.0,28,3.67,Tier2,186615.0
2774.7,5,1.0,9,10.17,Tier2,197569.0
1297.4,5,1.0,30,0.66,Tier1,154736.0
531.6,1,2.0,21,1.09,Tier3,81758.0
1344.8,2,1.0,37,1.49,Tier3,82906.0
1356.9,3,2.0,26,0.82,Tier1,128582.0
1405.0,1,3.0,35,9.25,Tier3,64738.0
943.3,5,2.0,39,0.5,Tier3,85375.0
1789.8,1,1.0,39,4.22,Tier2,91728.0
1762.3,4,1.0,29,5.54,Tier3,106893.0
752.8,5,3.0,23,5.95,Tier1,141883.0
1849.6,4,1.0,4,1.37,Tier1,200029.0
2526.3,4,2.0,15,8.87,Tier2,155974.0
1586.0,2,3.0,19,22.29,Tier2,91074.0
1331.3,5,1.0,31,12.44,Tier2,99884.0
1429.0,3,2.0,23,28.7,Tier3,81599.0
1807.6,1,2.0,17,25.99,Tier1,140741.0
634.7,2,1.0,5,0.88,Tier1,148206.0
1582.2,2,2.0,28,4.33,Tier2,105523.0
1304.8,3,2.0,17,18.21,Tier1,117551.0
2423.9,2,1.0,1,0.5,Tier2,184624.0
1412.9,3,3.0,11,2.18,Tier2,123001.0
2333.9,3,2.0,35,2.05,Tier3,138127.0
948.1,2,1.0,4,0.6,Tier2,93257.0
1793.6,4,3.0,16,10.67,Tier1,131752.0
1659.7,2,3.0,20,10.38,Tier1,147379.0
1065.5,4,1.0,3,12.69,Tier1,129914.0
1588.7,2,1.0,6,5.17,Tier3,128504.0
2106.3,5,2.0,37,4.89,Tier2,154933.0
1338.1,2,2.0,23,22.32,Tier2,63900.0
654.0,1,3.0,8,0.65,Tier1,104648.0
1491.2,1,2.0,6,6.79,Tier3,68253.0
1048.8,5,2.0,17,6.13,Tier1,123323.0
1328.8,5,1.0,28,24.83,Tier2,103772.0
1459.2,2,2.0,29,22.67,Tier3,64844.0
647.2,4,,7,2.88,Tier1,144144.0
692.2,3,,29,26.9,Tier2,20000.0
1741.0,1,2.0,35,5.44,Tier1,126883.0
1238.6,3,1.0,9,10.42,Tier2,99097.0
300.0,4,3.0,1,21.36,Tier3,69910.0
1892.4,5,1.0,38,7.57,Tier2,145223.0
1636.2,5,1.0,20,8.64,Tier3,130076.0
1143.1,1,1.0,31,24.76,Tier2,73765.0
841.6,2,3.0,12,5.99,Tier1,110774.0
1917.9,3,2.0,11,13.0,Tier2,160517.0
1674.7,1,3.0,9,15.49,Tier2,100281.0
2691.3,3,2.0,8,1.71,Tier1,203897.0
1710.1,1,2.0,18,2.15,Tier2,132819.0
1693.9,1,2.0,4,5.16,Tier2,105724.0
1416.5,1,1.0,33,9.19,Tier2,89990.0
1908.4,2,2.0,20,13.62,Tier1,150597.0
1812.5,4,3.0,36,0.5,Tier3,144305.0
2125.9,1,3.0,20,14.79,Tier2,129657.0
1239.3,5,2.0,12,14.02,Tier1,146387.0
1282.3,2,3.0,20,11.0,Tier1,133560.0
1260.4,1,3.0,6,1.88,Tier3,89029.0
1895.4,2,2.0,32,17.21,Tier2,98921.0
2249.2,4,2.0,28,0.5,Tier2,173576.0
1270.6,1,1.0,5,0.5,Tier1,131490.0
1287.6,1,1.0,23,2.95,Tier2,84336.0
1657.0,5,3.0,21,0.95,Tier3,138667.0
1377.1,3,1.0,8,0.5,Tier2,149774.0
1976.0,2,2.0,4,7.93,Tier3,125434.0
374.1,4,3.0,30,16.02,Tier1,75403.0
1086.6,5,1.0,10,14.96,Tier1,107768.0
1108.8,2,3.0,20,9.72,Tier2,93142.0
339.8,3,2.0,9,1.73,Tier2,86574.0
1018.2,1,1.0,26,1.5,Tier1,113856.0
1042.4,2,1.0,1,27.03,Tier2,76505.0
1399.4,3,3.0,14,1.28,Tier2,145568.0
2056.5,1,3.0,21,41.44,Tier2,105265.0
1377.5,5,3.0,17,21.93,Tier2,135653.0
984.6,5,3.0,24,5.06,Tier3,113725.0
1471.5,2,1.0,7,5.06,Tier2,141454.0
2024.6,2,3.0,17,2.09,Tier2,148573.0
1012.0,1,1.0,30,5.41,Tier2,48209.0
1044.7,3,1.0,13,0.88,Tier2,114738.0
1779.3,1,3.0,6,5.62,Tier1,172127.0
1389.2,2,2.0,33,17.23,Tier3,91936.0
1823.7,3,2.0,31,5.19,Tier1,173377.0
1493.2,4,3.0,27,1.22,Tier3,147772.0
1850.8,3,1.0,31,3.45,Tier1,161894.0
982.5,2,2.0,31,10.32,Tier3,61376.0
1494.0,4,3.0,29,2.61,Tier1,134590.0
1394.7,4,2.0,20,4.84,Tier3,114542.0
892.1,4,2.0,0,2.17,Tier2,110717.0
718.3,3,2.0,23,3.84,Tier1,110083.0
1842.9,5,3.0,10,1.53,Tier2,173121.0
1324.5,2,1.0,30,21.68,Tier2,79289.0
988.9,5,3.0,18,7.35,Tier2,114757.0
1451.9,2,3.0,36,5.01,Tier1,142811.0
2064.0,2,3.0,23,31.21,Tier2,72499.0
359.6,3,2.0,22,16.45,Tier2,52497.0
751.7,3,2.0,36,0.97,Tier2,94656.0
1038.6,4,2.0,19,13.45,Tier3,110644.0
2230.6,2,1.0,15,9.08,Tier1,180612.0
1641.3,5,3.0,14,14.2,Tier1,194100.0
1883.7,2,2.0,35,3.32,Tier2,125730.0
929.9,3,3.0,30,5.06,Tier1,115461.0
940.2,5,1.0,6,13.72,Tier1,138688.0
1723.9,3,3.0,19,12.24,Tier2,130262.0
1529.1,4,2.0,14,6.65,Tier1,147545.0
1774.4,5,3.0,25,12.55,Tier1,160927.0
1406.2,5,1.0,2,0.77,Tier2,131096.0
1639.1,3,2.0,28,8.9,Tier2,125796.0
1579.1,3,2.0,29,0.5,Tier3,109324.0
1888.9,1,2.0,9,0.63,Tier2,134080.0
1903.5,3,1.0,6,0.5,Tier2,145275.0
690.1,5,2.0,25,21.88,Tier1,105821.0
376.4,3,1.0,10,14.7,Tier3,53883.0
2000.9,2,2.0,37,8.35,Tier1,129470.0
2093.9,1,1.0,31,6.17,Tier1,126176.0
989.7,2,2.0,38,1.22,Tier3,77934.0
570.1,2,2.0,21,1.04,Tier2,50832.0
1549.5,5,1.0,37,9.6,Tier2,124570.0
1965.4,3,3.0,0,13.79,Tier1,204978.0
2398.8,1,3.0,11,13.23,Tier1,202552.0
1758.1,1,1.0,0,28.02,Tier2,113352.0
1314.1,5,1.0,27,5.11,Tier2,128610.0
1053.4,5,3.0,20,1.32,Tier2,158864.0
1505.7,4,1.0,11,1.04,Tier1,127217.0
1350.4,1,3.0,12,1.56,Tier1,132084.0
992.5,1,2.0,25,26.55,Tier2,63489.0
2524.4,1,2.0,7,0.91,Tier2,167471.0
2392.6,4,1.0,20,6.36,Tier1,211597.0
2068.0,4,2.0,24,23.66,Tier1,157223.0
1039.6,5,1.0,9,5.1,Tier1,145636.0
1927.5,1,2.0,9,1.03,Tier1,161825.0
1819.8,1,2.0,14,9.5,Tier2,113549.0
1721.3,5,1.0,23,1.33,Tier1,162866.0
2124.8,5,2.0,10,17.03,Tier2,166877.0
1817.7,4,2.0,15,0.5,Tier3,128666.0
1870.0,1,3.0,21,5.82,Tier3,127020.0
1818.5,1,1.0,7,10.85,Tier3,115098.0
1670.4,1,3.0,22,1.35,Tier1,163791.0
608.2,4,3.0,5,0.5,Tier1,115876.0
1541.8,5,3.0,5,5.47,Tier2,131040.0
1221.9,4,3.0,9,3.9,Tier2,131150.0
860.1,2,2.0,11,2.34,Tier1,160884.0
2340.9,4,3.0,1,8.85,Tier2,206620.0
2364.5,1,3.0,38,10.02,Tier1,150479.0
2179.6,5,2.0,12,21.51,Tier1,189935.0
1627.6,5,1.0,32,33.18,Tier2,106884.0
2175.3,4,2.0,36,5.04,Tier2,130390.0
1506.0,5,3.0,32,0.5,Tier2,159646.0
1601.4,3,3.0,33,2.04,Tier3,107712.0
953.3,3,2.0,4,0.5,Tier1,136503.0
1698.5,2,1.0,14,4.34,Tier1,149875.0
1530.2,5,3.0,29,0.8,Tier2,159518.0
848.7,4,1.0,23,21.17,Tier2,59302.0
1474.4,1,1.0,0,0.5,Tier2,95516.0
1460.1,5,2.0,22,12.32,Tier1,155469.0
2398.8,1,3.0,32,2.03,Tier3,104252.0
1947.1,3,1.0,33,3.48,Tier2,126268.0
1505.7,1,2.0,15,12.94,Tier2,118559.0
1624.4,4,1.0,9,0.5,Tier2,154106.0
1522.1,3,2.0,12,1.41,Tier3,134451.0
1398.5,3,1.0,11,5.01,Tier2,128416.0
958.8,4,2.0,13,7.77,Tier3,126375.0
1424.5,4,2.0,12,5.1,Tier1,148675.0
1127.0,2,1.0,18,5.85,Tier2,96895.0
874.8,5,1.0,1,9.49,Tier3,89982.0
1755.6,3,3.0,11,0.5,Tier2,166733.0
1695.6,1,1.0,12,3.2,Tier2,118415.0
606.6,1,1.0,6,4.84,Tier3,78505.0
1438.7,2,1.0,35,9.08,Tier1,106071.0
1997.9,4,3.0,27,4.83,Tier2,175604.0
2029.6,3,2.0,36,4.04,Tier3,130735.0
2012.9,2,1.0,22,2.64,Tier3,120391.0
1519.5,3,3.0,4,6.06,Tier3,132643.0
1077.5,5,1.0,36,1.58,Tier3,92101.0
958.2,3,2.0,18,0.64,Tier1,132073.0
1672.3,1,1.0,27,17.71,Tier3,70664.0
1689.6,1,3.0,15,7.69,Tier2,110730.0
2143.7,3,3.0,19,0.81,Tier2,159987.0
2050.0,3,3.0,19,0.5,Tier2,135452.0
1433.9,5,1.0,11,8.07,Tier3,130841.0
877.9,3,1.0,22,12.54,Tier2,56720.0
1340.4,4,3.0,29,5.87,Tier3,100518.0
1608.6,3,3.0,0,0.5,Tier1,188551.0
1399.0,2,1.0,5,1.62,Tier1,157595.0
1211.1,4,3.0,33,0.5,Tier2,88933.0
1626.4,4,3.0,22,11.26,Tier1,155830.0
1248.0,4,2.0,38,1.29,Tier2,114344.0
1186.0,1,2.0,24,14.53,Tier1,101438.0
1655.7,4,1.0,26,10.7,Tier2,141308.0
1299.0,2,1.0,35,4.73,Tier1,99944.0
1622.1,4,1.0,26,4.59,Tier1,121062.0
1636.6,4,1.0,13,0.83,Tier2,154586.0
930.3,4,3.0,21,2.31,Tier2,100885.0
1259.4,5,2.0,9,0.88,Tier1,138339.0
2218.9,3,3.0,13,14.1,Tier1,180245.0
919.0,1,1.0,27,5.3,Tier1,109449.0
441.7,4,3.0,5,0.69,Tier2,80309.0
569.1,4,1.0,26,13.87,Tier1,123045.0
1514.6,1,3.0,23,0.52,Tier2,102132.0
1515.5,1,1.0,12,1.99,Tier2,113088.0
1441.2,2,1.0,1,14.61,Tier2,91438.0
2107.1,5,,28,7.57,Tier2,154491.0
300.0,3,3.0,32,6.09,Tier1,79082.0
1698.0,5,1.0,29,16.24,Tier3,84874.0
2280.7,5,2.0,16,1.45,Tier2,226884.0
936.1,3,2.0,26,2.7,Tier1,109339.0
1310.1,4,3.0,16,3.99,Tier3,107495.0
1123.6,2,2.0,14,14.56,Tier2,103042.0
1052.8,1,1.0,13,1.08,Tier2,116163.0
1336.9,2,2.0,8,12.57,Tier3,108250.0
2213.7,3,1.0,38,0.5,Tier1,150669.0
2418.7,1,3.0,26,2.35,Tier3,143528.0
1332.0,2,3.0,6,2.04,Tier2,97129.0
2452.5,1,1.0,34,4.96,Tier2,150999.0
1517.8,4,3.0,6,4.49,Tier1,148176.0
2376.8,5,1.0,23,31.69,Tier1,155364.0
1453.4,5,2.0,6,3.88,Tier3,133158.0
1565.5,2,,14,7.98,Tier1,150170.0
1682.7,3,1.0,26,0.5,Tier1,147823.0
3089.4,5,2.0,39,11.56,Tier2,217182.0
1925.6,3,1.0,39,4.38,Tier2,134671.0
1146.4,2,3.0,35,3.74,Tier1,125506.0
1984.5,2,3.0,9,1.17,Tier3,123180.0
1319.1,4,3.0,3,22.66,Tier2,143856.0
1255.1,3,2.0,36,7.9,Tier3,66435.0
1954.3,5,2.0,36,2.5,Tier1,201976.0
1515.5,5,2.0,11,0.5,Tier1,206710.0
1639.3,1,3.0,0,14.18,Tier2,130640.0
1507.0,4,2.0,25,7.68,Tier1,163616.0
1668.3,2,2.0,3,4.26,Tier2,90659.0
1712.5,3,2.0,1,2.47,Tier1,172930.0
531.5,2,2.0,37,10.34,Tier3,47096.0
1833.3,2,2.0,19,11.98,Tier3,121951.0
1009.0,2,3.0,4,4.17,Tier3,74948.0
778.9,1,2.0,26,6.56,Tier3,43869.0
1470.8,4,3.0,14,26.51,Tier3,59483.0
1542.0,1,3.0,21,35.6,Tier2,81772.0
1153.2,2,2.0,35,16.32,Tier2,42822.0
1915.5,1,3.0,9,5.28,Tier3,142198.0
828.9,1,1.0,25,0.96,Tier3,71038.0
1296.5,2,3.0,33,13.99,Tier3,65522.0
1207.6,5,1.0,16,0.5,Tier3,119797.0
1476.7,5,2.0,38,3.02,Tier1,146550.0
1639.4,2,1.0,17,0.5,Tier3,112400.0
996.1,3,2.0,18,8.85,Tier3,61571.0
1862.1,5,2.0,35,3.53,Tier2,155212.0
1531.5,2,3.0,25,6.36,Tier3,75329.0
554.0,5,1.0,34,4.74,Tier2,47362.0
520.7,1,3.0,31,6.66,Tier3,34419.0
1493.8,2,3.0,28,1.0,Tier1,138925.0
1389.5,2,2.0,9,0.82,Tier3,111380.0
1448.3,1,2.0,15,9.33,Tier1,117476.0
1486.0,5,3.0,34,4.43,Tier2,160068.0
1612.8,5,1.0,24,4.57,Tier1,163365.0
1973.8,2,3.0,11,0.58,Tier2,158690.0
944.4,5,1.0,13,7.4,Tier1,135897.0
914.0,4,3.0,31,6.54,Tier3,95097.0
953.3,5,1.0,7,0.5,Tier2,130107.0
1644.5,5,3.0,4,0.8,Tier3,159694.0
2122.5,3,3.0,30,6.16,Tier1,184769.0
1284.3,1,1.0,11,0.58,Tier1,100351.0
300.0,5,2.0,30,2.39,Tier3,31334.0
648.0,4,2.0,21,1.1,Tier2,90140.0
1083.5,5,1.0,39,5.41,Tier2,93518.0
1221.1,5,2.0,20,5.66,Tier3,116967.0
1295.8,1,3.0,34,6.88,Tier3,72634.0
1519.3,3,1.0,34,10.76,Tier2,108580.0
1344.1,1,3.0,8,3.86,Tier3,80490.0
2024.7,1,3.0,39,0.5,Tier2,127272.0
1162.0,5,2.0,29,15.63,Tier2,81026.0
1068.8,5,2.0,4,6.85,Tier2,132826.0
1739.4,5,2.0,0,3.81,Tier1,164223.0
732.2,5,1.0,10,6.81,Tier1,130661.0
1694.8,4,2.0,0,2.02,Tier3,122288.0
1551.3,3,3.0,14,3.42,Tier2,130505.0
1426.3,5,1.0,39,9.59,Tier2,122025.0
2294.1,3,3.0,19,8.05,Tier2,167258.0
1188.9,4,3.0,0,22.64,Tier1,114589.0
2530.1,2,3.0,19,2.76,Tier1,188911.0
1387.3,4,2.0,8,6.8,Tier3,94288.0
861.5,5,2.0,34,5.51,Tier2,68845.0
1535.0,4,2.0,3,0.5,Tier1,177513.0
961.9,3,3.0,30,2.32,Tier2,103718.0
1124.1,1,3.0,17,23.83,Tier2,78624.0
1698.5,1,2.0,0,4.09,Tier2,142063.0
1777.8,4,3.0,26,0.85,Tier3,133891.0
1188.9,4,2.0,18,5.11,Tier2,111814.0
1993.7,4,2.0,30,10.76,Tier2,123673.0
2078.8,5,1.0,24,16.15,Tier2,138762.0
2218.2,3,2.0,31,8.35,Tier2,125264.0
1764.7,5,2.0,18,2.6,Tier2,143036.0
2181.7,4,3.0,0,8.99,Tier1,206631.0
559.6,2,3.0,5,8.17,Tier3,63411.0
1341.0,5,1.0,18,20.47,Tier2,154057.0
1066.5,1,2.0,15,8.05,Tier2,64473.0
1559.6,3,3.0,31,5.43,Tier1,143794.0
1214.3,5,2.0,16,1.59,Tier3,94652.0
1416.9,4,2.0,34,6.1,Tier1,132507.0
2441.1,5,3.0,7,2.46,Tier2,198299.0
1415.1,1,2.0,15,1.11,Tier3,108100.0
1706.9,3,3.0,30,18.53,Tier2,106366.0
1383.9,4,2.0,4,3.67,Tier3,120723.0
1537.9,4,1.0,12,12.94,Tier1,142312.0
1503.0,5,2.0,30,12.03,Tier2,100696.0
1724.2,3,3.0,23,3.66,Tier3,112629.0
2082.7,4,2.0,31,3.17,Tier2,146796.0
2323.7,3,3.0,20,9.4,Tier2,164016.0
1654.8,5,1.0,34,0.5,Tier2,143325.0
1794.8,1,3.0,35,10.35,Tier3,88801.0
924.6,2,1.0,38,2.22,Tier3,50378.0
1456.1,1,3.0,4,1.61,Tier2,99864.0
1970.1,4,2.0,23,1.95,Tier3,147861.0
1933.0,2,3.0,4,14.75,Tier2,131312.0
1605.8,2,3.0,9,17.68,Tier2,129079.0
1943.2,5,3.0,12,3.67,Tier2,192904.0
1745.4,2,3.0,25,8.44,Tier2,120318.0
2100.2,1,2.0,17,43.91,Tier3,61369.0
1644.7,1,3.0,34,1.41,Tier2,111088.0
1322.2,2,1.0,11,6.22,Tier1,136070.0
1667.9,5,1.0,24,1.7,Tier2,137421.0
300.0,3,2.0,30,21.65,Tier3,20000.0
1691.4,5,3.0,39,0.52,Tier3,136200.0
300.0,2,3.0,9,0.5,Tier1,105664.0
638.3,2,2.0,29,3.95,Tier1,84780.0
1725.9,1,2.0,3,0.84,Tier2,111070.0
1738.8,2,2.0,21,2.93,Tier1,159471.0
918.8,3,3.0,16,12.74,Tier3,65340.0
1143.9,5,3.0,38,3.27,Tier2,116086.0
2185.3,2,1.0,30,0.5,Tier2,142931.0
1258.0,4,2.0,37,26.94,Tier1,74636.0
2621.5,4,2.0,34,1.13,Tier2,180733.0
1499.0,2,3.0,16,5.96,Tier3,113715.0
1704.0,5,2.0,29,5.99,Tier2,149364.0
2308.4,3,3.0,1,3.52,Tier1,211155.0
1565.5,1,2.0,22,0.5,Tier1,108418.0
998.8,5,3.0,1,4.64,Tier3,137731.0
1445.1,5,1.0,28,2.38,Tier3,118166.0
1482.2,1,3.0,38,8.8,Tier1,98101.0
817.6,5,,27,0.5,Tier2,86865.0
1372.1,5,2.0,33,10.52,Tier1,143053.0
1128.9,5,3.0,9,8.42,Tier2,139336.0
1962.2,2,3.0,39,8.59,Tier1,140280.0
1517.3,4,2.0,22,8.62,Tier3,122299.0
1358.6,3,2.0,26,21.49,Tier3,48448.0
1446.9,4,1.0,30,0.89,Tier1,128635.0
1611.6,4,3.0,25,0.62,Tier2,110869.0
1808.4,4,1.0,12,0.6,Tier1,163644.0
1000.1,3,1.0,24,5.71,Tier2,110572.0
979.2,4,2.0,26,0.87,Tier1,159987.0
2052.3,3,1.0,34,5.86,Tier1,160903.0
1293.8,1,1.0,19,6.38,Tier3,65260.0
791.6,1,2.0,20,0.88,Tier1,97200.0
1721.9,5,3.0,20,12.76,Tier3,136879.0
1731.7,5,1.0,4,3.36,Tier1,160911.0
734.6,3,3.0,3,8.86,Tier2,89109.0
1614.7,1,2.0,0,8.98,Tier2,144483.0
1867.8,4,1.0,26,1.41,Tier3,112216.0
1687.2,1,3.0,16,17.78,Tier1,121984.0
1816.0,2,2.0,34,2.44,Tier1,146864.0
797.9,2,3.0,28,25.67,Tier2,56939.0
1665.5,1,1.0,5,0.75,Tier2,117006.0
1348.7,5,1.0,4,0.5,Tier2,144789.0
1258.6,3,1.0,14,1.52,Tier1,148031.0
1935.3,2,2.0,36,4.83,Tier1,177594.0
2239.6,3,3.0,1,5.94,Tier3,161155.0
2397.2,1,3.0,7,8.3,Tier2,161679.0
2157.4,3,2.0,1,7.06,Tier2,190507.0
1445.1,3,2.0,16,3.01,Tier1,141604.0
1676.4,2,3.0,39,9.8,Tier1,111992.0
1883.4,5,2.0,27,0.55,Tier3,145668.0
1560.6,2,1.0,19,0.5,Tier2,134372.0
1565.4,1,1.0,5,1.07,Tier1,151399.0
1911.9,3,1.0,14,1.1,Tier3,130623.0
1470.4,5,2.0,20,3.87,Tier2,116146.0
1135.4,2,2.0,10,7.32,Tier2,100113.0
1292.8,1,2.0,28,30.27,Tier2,77409.0
1817.0,5,2.0,39,2.06,Tier2,123661.0
1501.5,3,3.0,8,7.21,Tier2,130353.0
1670.1,1,3.0,10,1.24,Tier2,126204.0
1835.0,4,1.0,5,0.5,Tier2,148686.0
1312.6,2,,29,0.5,Tier1,126548.0
1878.1,5,1.0,18,10.34,Tier3,138753.0
1689.4,2,3.0,11,31.46,Tier2,110414.0
882.6,3,2.0,8,21.61,Tier2,66148.0
2221.2,3,3.0,2,4.57,Tier2,153287.0
1249.6,2,2.0,19,0.5,Tier2,111617.0
672.5,3,2.0,27,1.47,Tier2,71676.0
977.5,1,1.0,9,12.7,Tier2,102009.0
989.5,4,2.0,0,1.98,Tier3,137366.0
1526.1,4,1.0,18,7.01,Tier3,140357.0
1363.1,5,2.0,27,2.89,Tier3,98986.0
1331.6,2,1.0,13,5.69,Tier1,138887.0
1809.9,2,1.0,10,13.02,Tier2,135927.0
1669.9,3,1.0,6,4.64,Tier2,148499.0
1658.0,4,3.0,29,39.09,Tier1,114478.0
1704.9,5,3.0,34,3.69,Tier3,147810.0
1808.1,1,2.0,30,3.55,Tier2,115147.0
446.0,2,2.0,20,5.33,Tier1,87824.0
1317.8,2,3.0,28,0.5,Tier1,110822.0
409.9,2,2.0,15,13.06,Tier1,88491.0
1518.0,3,2.0,0,3.81,Tier2,136418.0
1497.7,5,2.0,14,9.53,Tier2,144218.0
2022.8,1,2.0,28,6.14,Tier2,127892.0
2093.8,5,2.0,25,7.04,Tier1,188960.0
1601.4,4,3.0,39,7.87,Tier1,145736.0
1249.8,4,2.0,39,2.31,Tier3,102318.0
1742.6,4,2.0,9,12.79,Tier1,163596.0
1236.0,1,1.0,0,0.5,Tier2,87374.0
1499.3,4,3.0,10,0.6,Tier2,156780.0
1993.1,2,3.0,35,10.64,Tier2,112753.0
1221.1,3,1.0,32,21.84,Tier3,38382.0
1902.8,4,1.0,3,2.3,Tier2,146645.0
1838.7,4,3.0,6,1.23,Tier3,156906.0
1022.6,2,1.0,22,5.29,Tier3,66732.0
1986.9,2,3.0,26,1.17,Tier1,136157.0
1849.3,3,3.0,39,0.5,Tier1,153909.0
1551.0,1,3.0,30,5.4,Tier2,122605.0
1118.8,4,1.0,8,0.86,Tier2,113745.0
1070.4,1,2.0,1,7.49,Tier2,94254.0
1231.2,3,2.0,25,3.65,Tier1,146829.0
1771.3,4,3.0,22,21.17,Tier1,164495.0
1022.2,1,1.0,36,6.61,Tier2,77707.0
1718.8,5,1.0,23,9.84,Tier2,94147.0
879.1,2,1.0,20,5.03,Tier2,103927.0
1398.0,1,3.0,12,8.34,Tier3,102842.0
1554.8,4,3.0,3,13.26,Tier1,203356.0
2722.6,3,1.0,35,5.41,Tier2,153902.0
811.3,4,1.0,33,5.38,Tier3,38254.0
2236.0,4,1.0,6,1.41,Tier2,177421.0
1574.9,3,3.0,28,0.5,Tier2,125615.0
1705.6,5,2.0,14,2.57,Tier2,165799.0
1559.2,2,1.0,17,5.85,Tier1,154460.0
1722.4,3,1.0,33,11.64,Tier3,93445.0
1423.2,1,2.0,33,5.39,Tier2,87685.0
2227.0,4,2.0,7,22.32,Tier2,163804.0
1271.8,2,1.0,12,7.83,Tier2,96752.0
2066.1,4,3.0,32,14.12,Tier2,137667.0
1177.8,5,2.0,36,45.15,Tier1,101470.0
1469.9,5,1.0,3,18.8,Tier3,132429.0
964.0,5,3.0,33,23.89,Tier2,99390.0
1727.5,1,3.0,19,4.27,Tier1,146528.0
2222.6,1,1.0,23,1.4,Tier2,106950.0
1461.3,5,1.0,3,3.46,Tier3,129287.0
1401.6,2,1.0,27,0.68,Tier2,92293.0
942.7,1,3.0,27,0.98,Tier2,80408.0
1385.4,2,2.0,26,0.5,Tier2,98801.0
703.6,5,3.0,31,0.5,Tier3,84469.0
1043.6,2,2.0,37,18.53,Tier2,45751.0
1613.4,1,2.0,33,27.87,Tier3,39611.0
2159.5,4,2.0,29,8.96,Tier1,194369.0
2904.6,1,3.0,39,6.89,Tier3,134216.0
1206.7,2,2.0,26,5.41,Tier3,79045.0
2217.7,1,3.0,26,29.13,Tier2,127444.0
1621.9,4,3.0,21,3.11,Tier2,156280.0
1424.4,3,3.0,30,12.17,Tier1,143536.0
1716.3,5,3.0,2,2.19,Tier2,176128.0
1531.0,2,2.0,20,2.24,Tier1,154720.0
1555.2,2,1.0,17,9.83,Tier1,153956.0
1295.8,1,2.0,36,11.59,Tier3,66455.0
800.9,2,3.0,2,0.99,Tier1,100705.0
728.2,3,3.0,25,8.57,Tier2,72193.0
1826.6,1,2.0,7,8.08,Tier2,139483.0
1361.6,3,,35,1.73,Tier2,92596.0
1202.0,5,2.0,34,20.48,Tier2,117618.0
1504.3,4,3.0,9,5.43,Tier2,142547.0
1897.5,4,1.0,34,3.38,Tier2,136900.0
1590.2,5,1.0,19,3.3,Tier3,142220.0
1172.0,4,1.0,38,3.42,Tier2,93351.0
2113.1,4,3.0,29,0.5,Tier3,151501.0
2289.6,5,2.0,1,11.17,Tier2,198757.0
1747.3,1,1.0,8,23.69,Tier2,78455.0
1986.8,5,1.0,16,17.2,Tier1,166620.0
2121.0,2,1.0,8,3.69,Tier1,188660.0
2065.0,4,2.0,5,10.1,Tier3,150119.0
1807.0,5,3.0,39,3.29,Tier2,167217.0
1799.2,3,2.0,34,1.28,Tier2,106590.0
1759.8,1,3.0,17,3.65,Tier3,87659.0
951.3,2,3.0,8,3.74,Tier2,114218.0
1850.4,3,3.0,7,1.57,Tier3,157020.0
822.1,5,1.0,36,4.02,Tier2,84584.0
1102.7,5,3.0,13,4.8,Tier3,119983.0
2151.8,3,1.0,0,2.36,Tier1,204935.0
1920.1,5,2.0,15,0.5,Tier1,181198.0
2243.7,3,3.0,18,2.02,Tier2,158760.0
1364.2,3,1.0,24,16.43,Tier1,121142.0
923.9,5,1.0,13,6.52,Tier3,106527.0
1379.8,4,1.0,36,3.02,Tier2,91075.0
1551.0,3,1.0,25,2.37,Tier1,140734.0
1539.5,3,2.0,39,8.16,Tier1,126318.0
2066.8,4,3.0,14,1.6,Tier3,163486.0
1319.4,4,1.0,26,1.95,Tier2,114696.0
1676.0,3,2.0,14,14.12,Tier3,101473.0
1005.7,1,3.0,27,4.57,Tier1,124932.0
1725.2,1,3.0,29,1.35,Tier3,96346.0
1501.6,1,1.0,12,0.5,Tier2,108496.0
1125.1,3,2.0,37,26.9,Tier2,39500.0
1382.1,4,1.0,34,0.5,Tier2,102600.0
1407.9,5,1.0,35,5.79,Tier1,148193.0
1364.9,2,1.0,8,8.12,Tier3,97910.0
2385.7,4,2.0,28,6.21,Tier3,160422.0
1450.8,4,1.0,4,3.76,Tier2,145092.0
1378.1,1,1.0,4,14.75,Tier3,112320.0
451.3,2,1.0,38,16.39,Tier1,42275.0
1052.9,2,2.0,6,3.95,Tier1,104814.0
1368.5,5,2.0,34,5.45,Tier1,128930.0
1157.1,5,2.0,17,5.51,Tier2,112091.0
2190.9,5,1.0,12,8.53,Tier1,180088.0
1417.5,3,2.0,2,1.68,Tier2,137665.0
2144.2,3,2.0,27,0.5,Tier1,197799.0
1530.9,2,1.0,28,4.14,Tier2,128275.0
1518.6,4,3.0,18,0.84,Tier3,135084.0
1455.6,1,3.0,32,4.82,Tier2,131517.0
1501.9,2,2.0,12,12.05,Tier1,131692.0
2359.4,1,2.0,22,4.65,Tier3,108305.0
340.2,3,3.0,11,5.75,Tier1,116104.0
499.2,2,2.0,23,6.82,Tier3,20000.0
1228.4,1,2.0,5,10.21,Tier2,86843.0
1507.3,2,2.0,19,6.36,Tier2,121333.0
1845.1,5,1.0,21,4.16,Tier1,173920.0
1736.5,3,3.0,22,4.0,Tier3,120565.0
1307.9,5,1.0,17,1.55,Tier3,97219.0
2009.5,5,1.0,25,4.1,Tier2,155392.0
2015.1,5,3.0,20,10.66,Tier3,162020.0
1592.0,2,,11,3.75,Tier3,112602.0
1981.3,5,2.0,8,3.27,Tier1,186292.0
1636.3,5,1.0,25,5.96,Tier2,115949.0
1219.3,5,1.0,37,1.33,Tier2,97621.0
1848.9,2,3.0,30,0.67,Tier2,139531.0
1555.3,2,,25,9.36,Tier1,137692.0
1500.7,3,1.0,36,2.46,Tier3,80277.0
2236.5,5,3.0,35,2.19,Tier2,138039.0
300.0,5,2.0,20,14.84,Tier1,97497.0
791.2,3,3.0,4,17.39,Tier2,76026.0
906.5,1,2.0,25,5.05,Tier2,82597.0
1318.4,3,2.0,24,7.14,Tier2,95803.0
1372.7,4,3.0,11,24.33,Tier3,82826.0
746.3,3,3.0,33,3.67,Tier2,82814.0
1007.4,2,1.0,34,14.23,Tier2,97461.0
1069.6,2,3.0,13,9.48,Tier2,108939.0
2728.7,1,3.0,19,21.57,Tier2,155395.0
2400.9,2,2.0,7,1.84,Tier2,178614.0
1294.1,4,1.0,7,11.77,Tier1,115717.0
1318.2,2,1.0,10,1.24,Tier1,120590.0
925.4,5,1.0,14,11.74,Tier2,63322.0
545.9,1,1.0,10,2.77,Tier3,74915.0
1441.6,3,3.0,6,0.5,Tier2,163589.0
1001.1,3,3.0,17,12.62,Tier1,126203.0
1457.6,5,2.0,24,0.5,Tier2,140105.0
699.9,5,2.0,13,13.36,Tier3,55286.0
1119.0,3,3.0,21,1.53,Tier2,108024.0
1574.3,4,2.0,10,5.95,Tier1,192461.0
1683.1,4,2.0,28,0.5,Tier2,140126.0
1708.7,3,2.0,25,0.56,Tier2,125297.0
839.8,1,1.0,38,2.11,Tier2,30687.0
1927.3,3,1.0,2,3.21,Tier1,200622.0
1099.9,2,2.0,34,1.38,Tier1,111088.0
1816.4,3,3.0,13,0.86,Tier2,127044.0
1494.7,4,1.0,2,1.1,Tier2,129954.0
811.8,2,1.0,27,4.77,Tier2,50097.0
1341.9,2,1.0,6,0.5,Tier1,140719.0
1682.7,5,3.0,7,17.26,Tier2,150933.0
1806.5,2,2.0,39,17.67,Tier3,76369.0
1429.5,1,2.0,8,0.5,Tier1,154131.0
2265.9,4,2.0,21,8.81,Tier2,164102.0
2003.8,4,1.0,8,8.21,Tier2,171865.0
1371.7,5,3.0,4,5.77,Tier2,143098.0
1875.1,4,1.0,0,2.04,Tier3,193983.0
2466.9,5,,0,5.8,Tier3,172921.0
2480.2,3,3.0,18,13.69,Tier2,153639.0
886.0,2,2.0,17,2.45,Tier1,98364.0
1036.7,5,1.0,1,11.18,Tier2,114460.0
2242.5,2,2.0,13,4.44,Tier1,156606.0
970.9,2,1.0,10,15.84,Tier2,81953.0
838.7,5,3.0,22,6.83,Tier3,62563.0
1256.9,5,3.0,39,12.41,Tier3,94181.0
1710.1,2,1.0,27,21.58,Tier2,73742.0
1448.8,4,2.0,36,4.04,Tier2,110076.0
1174.7,5,1.0,7,8.04,Tier1,157557.0
1162.9,4,2.0,8,25.25,Tier2,133007.0
1143.8,1,1.0,30,39.68,Tier1,42407.0
1060.2,4,1.0,12,5.9,Tier3,91073.0
2640.8,1,2.0,33,20.43,Tier3,108264.0
1648.8,5,3.0,18,3.26,Tier1,166080.0
1943.4,1,3.0,8,3.67,Tier2,133643.0
1255.5,5,1.0,33,19.75,Tier2,105028.0
1407.0,1,3.0,22,7.1,Tier3,79912.0
1143.2,3,1.0,32,12.75,Tier2,113995.0
300.0,2,3.0,18,3.3,Tier1,93877.0
811.0,5,1.0,5,11.71,Tier2,87348.0
594.7,2,2.0,27,13.72,Tier1,72165.0
375.1,4,1.0,4,3.53,Tier2,71293.0
902.3,1,3.0,26,5.15,Tier1,113139.0
2162.5,3,1.0,16,2.91,Tier2,131245.0
1477.8,5,3.0,31,15.61,Tier3,85244.0
2145.3,5,1.0,34,8.62,Tier1,165846.0
1705.5,2,2.0,16,1.3,Tier2,142154.0
1891.3,2,1.0,35,22.3,Tier2,114305.0
1049.6,3,3.0,4,7.61,Tier1,159858.0
1762.0,3,2.0,4,3.58,Tier2,157547.0
1864.4,3,3.0,39,7.07,Tier2,126287.0
1211.7,1,3.0,22,1.73,Tier2,110821.0
1779.8,4,2.0,18,2.71,Tier3,116164.0
1783.1,2,1.0,6,13.99,Tier2,95893.0
1225.2,2,1.0,11,2.68,Tier2,111792.0
938.6,5,1.0,27,28.12,Tier1,81501.0
907.9,4,3.0,32,1.94,Tier1,123486.0
1543.3,2,3.0,36,16.09,Tier1,121845.0
1663.5,5,2.0,16,16.35,Tier3,124473.0
1103.7,2,3.0,18,9.18,Tier3,94837.0
1513.3,3,,6,1.86,Tier3,130119.0
1785.3,2,3.0,3,3.39,Tier1,176715.0
1809.1,1,2.0,17,5.36,Tier2,116795.0
2275.9,3,1.0,23,10.95,Tier3,132869.0
2138.5,3,1.0,4,28.91,Tier2,124090.0
999.4,5,2.0,16,8.27,Tier1,134297.0
2341.8,2,2.0,25,8.71,Tier3,171914.0
1234.5,5,1.0,32,11.24,Tier1,130372.0
2022.4,4,2.0,37,4.44,Tier1,174953.0
1534.0,1,1.0,13,1.85,Tier3,86492.0
1293.9,4,3.0,15,17.12,Tier2,129458.0
596.2,3,2.0,34,30.27,Tier2,46684.0
1414.2,2,1.0,27,12.56,Tier2,101548.0
720.3,3,2.0,10,2.4,Tier3,82358.0
1983.6,2,3.0,27,7.52,Tier1,175069.0
2258.4,4,2.0,6,8.59,Tier3,178889.0
1101.5,3,3.0,17,4.08,Tier2,114830.0
1651.0,3,2.0,12,8.23,Tier1,155348.0
1137.3,2,3.0,39,26.52,Tier2,73258.0
1185.8,2,1.0,1,5.13,Tier2,94771.0
1887.2,3,1.0,34,5.65,Tier1,138617.0
1480.7,3,2.0,11,8.7,Tier2,122995.0
2369.8,2,3.0,1,5.31,Tier2,151201.0
1258.9,3,3.0,26,13.98,Tier2,111784.0
1999.7,2,3.0,27,4.07,Tier2,125053.0
1548.7,3,3.0,5,7.73,Tier3,116090.0
1897.9,1,2.0,1,11.78,Tier2,129759.0
1276.4,3,1.0,4,2.04,Tier2,122762.0
1475.2,4,3.0,16,5.61,Tier2,131072.0
1442.3,5,2.0,5,4.95,Tier2,146160.0
1082.0,4,1.0,28,4.48,Tier1,122430.0
1831.0,4,1.0,3,3.83,Tier2,149854.0
1825.1,1,3.0,31,1.49,Tier1,136075.0
1796.8,2,1.0,34,9.39,Tier2,123599.0
2268.5,4,1.0,28,0.87,Tier3,115414.0
2224.7,5,3.0,37,16.9,Tier2,148265.0
1312.5,3,1.0,37,3.25,Tier2,89092.0
1686.5,5,1.0,1,2.77,Tier2,166490.0
1188.2,2,3.0,13,3.12,Tier2,89457.0
1511.7,1,2.0,30,19.19,Tier2,74060.0
1200.1,1,3.0,13,3.34,Tier2,102059.0
2310.0,3,2.0,29,6.39,Tier2,169680.0
1681.8,4,1.0,30,0.97,Tier1,160907.0
1391.0,2,1.0,39,14.64,Tier2,59033.0
2096.8,4,3.0,13,17.33,Tier2,148329.0
414.7,4,1.0,13,0.5,Tier3,80025.0
492.9,2,2.0,0,2.92,Tier3,49130.0
1897.9,2,2.0,11,1.49,Tier3,129124.0
1530.2,4,2.0,11,30.37,Tier2,108135.0
1625.2,4,3.0,18,1.99,Tier1,165687.0
836.8,1,2.0,16,10.91,Tier2,109388.0
1488.4,2,2.0,34,12.55,Tier3,71968.0
2501.8,3,2.0,30,21.28,Tier3,136295.0
1912.1,3,2.0,29,3.68,Tier3,110489.0
1584.9,1,3.0,0,0.99,Tier1,168965.0
1280.5,5,1.0,18,0.67,Tier2,141881.0
1302.7,2,1.0,29,7.42,Tier3,65215.0
435.4,2,2.0,9,9.56,Tier2,63277.0
1628.8,1,2.0,16,4.08,Tier2,103313.0
1922.7,5,1.0,29,8.09,Tier2,126068.0
712.2,2,3.0,31,6.33,Tier2,84767.0
1169.3,5,2.0,34,4.6,Tier1,127440.0
921.3,3,1.0,17,9.01,Tier1,74448.0
1017.3,5,3.0,15,0.99,Tier3,139163.0
1526.7,1,3.0,15,1.56,Tier3,93429.0
457.8,1,2.0,26,9.72,Tier3,24728.0
1807.1,5,1.0,16,33.29,Tier2,142221.0
1876.9,5,1.0,16,8.36,Tier1,173886.0
1374.4,3,2.0,6,4.59,Tier1,149962.0
300.0,1,1.0,19,11.79,Tier3,20000.0
1001.8,5,2.0,9,34.65,Tier2,61787.0
2116.5,2,1.0,20,3.18,Tier3,124510.0
300.0,5,1.0,35,3.19,Tier2,68612.0
1326.2,5,2.0,31,0.5,Tier2,130495.0
910.0,5,3.0,19,3.81,Tier3,93512.0
1902.3,4,3.0,39,0.81,Tier1,170243.0
1162.4,4,,39,19.04,Tier3,33513.0
1702.0,3,1.0,17,24.58,Tier2,112900.0
1782.7,1,2.0,30,1.21,Tier1,144111.0
2418.1,2,2.0,13,33.64,Tier1,185742.0
1398.5,4,3.0,35,5.92,Tier3,101936.0
1688.0,5,3.0,14,0.5,Tier2,148461.0
757.5,3,2.0,10,21.9,Tier3,56836.0
2095.2,4,1.0,5,3.86,Tier3,148217.0
1119.7,1,1.0,33,14.55,Tier2,66645.0
1219.6,3,1.0,11,3.69,Tier3,97152.0
1488.9,3,2.0,32,2.17,Tier3,81343.0
718.6,5,1.0,3,6.76,Tier1,105876.0
1614.4,2,1.0,20,1.35,Tier3,108043.0
1983.7,2,3.0,17,11.82,Tier2,158148.0
1646.5,2,3.0,17,14.07,Tier2,119034.0
705.6,1,2.0,6,2.0,Tier2,93276.0
1438.1,3,3.0,2,11.09,Tier3,131193.0
1871.0,4,3.0,13,9.78,Tier1,182420.0
561.0,5,3.0,18,25.58,Tier2,60739.0
962.6,5,3.0,31,0.87,Tier2,115212.0
1938.3,1,1.0,18,1.57,Tier1,171740.0
1635.0,2,3.0,9,3.74,Tier3,129013.0
1706.0,2,3.0,10,1.77,Tier3,137403.0
2429.7,2,3.0,24,4.19,Tier1,181326.0
1734.3,5,2.0,17,0.7,Tier1,179237.0
1828.9,1,3.0,36,12.14,Tier3,89297.0
2855.4,1,3.0,17,9.65,Tier1,199813.0
1393.1,5,3.0,22,5.13,Tier1,178414.0
1101.1,5,3.0,2,22.78,Tier3,65909.0
1713.9,2,3.0,7,41.69,Tier3,81529.0
1719.5,2,2.0,34,4.31,Tier2,113415.0
1236.6,3,3.0,13,22.23,Tier2,78178.0
983.8,3,2.0,16,4.66,Tier3,94879.0
2654.9,5,3.0,23,13.52,Tier2,177256.0
1663.4,3,3.0,2,14.29,Tier2,133068.0
1133.9,1,3.0,20,3.51,Tier3,107217.0
1958.0,3,2.0,13,8.72,Tier2,161183.0
1445.4,3,2.0,5,3.91,Tier2,141196.0
1373.6,3,1.0,16,11.7,Tier2,111553.0
1781.1,3,2.0,17,4.23,Tier2,136916.0
854.1,5,2.0,7,1.29,Tier2,150540.0
1676.3,5,2.0,21,14.38,Tier2,146790.0
2456.5,2,3.0,29,11.75,Tier2,140277.0
1733.1,2,3.0,10,13.81,Tier3,92078.0
1311.9,4,1.0,38,10.47,Tier2,103131.0
1246.4,3,2.0,24,13.9,Tier1,119608.0
1294.8,3,3.0,30,1.94,Tier1,115976.0
1373.0,1,3.0,2,12.2,Tier1,141842.0
1311.1,2,3.0,30,2.1,Tier3,85997.0
1958.2,4,3.0,13,8.01,Tier2,167854.0
633.4,5,3.0,28,8.34,Tier1,120884.0
1931.0,4,3.0,32,3.43,Tier3,124715.0
1310.2,2,2.0,10,8.55,Tier1,142736.0
1688.5,1,1.0,10,12.13,Tier1,127395.0
936.5,1,2.0,2,6.21,Tier3,69280.0
2164.3,2,3.0,24,1.11,Tier2,145695.0
2122.8,3,1.0,30,2.54,Tier3,145059.0
1979.8,5,3.0,16,12.62,Tier3,141833.0
742.6,5,2.0,6,5.22,Tier3,116649.0
1914.6,1,3.0,12,4.03,Tier1,191039.0
1702.4,4,1.0,16,19.81,Tier3,94464.0
697.4,2,3.0,36,4.5,Tier2,22850.0
1487.9,1,2.0,4,29.08,Tier1,129966.0
1682.3,3,2.0,13,9.8,Tier3,110820.0
1778.0,1,2.0,25,17.23,Tier2,88229.0
1588.6,2,2.0,9,4.78,Tier3,103661.0
1645.6,3,3.0,35,14.69,Tier2,104432.0
2236.8,2,1.0,36,2.73,Tier2,155217.0
2113.0,3,3.0,15,3.16,Tier1,191256.0
300.0,3,3.0,29,10.96,Tier3,56900.0
1341.3,4,1.0,30,1.15,Tier2,121092.0
1417.7,1,1.0,27,3.82,Tier1,113060.0
624.0,1,2.0,7,9.61,Tier1,86206.0
1547.1,3,3.0,1,23.77,Tier3,115455.0
2124.4,2,3.0,13,2.35,Tier1,196309.0
956.7,4,3.0,5,15.33,Tier2,122390.0
1668.2,1,3.0,11,6.09,Tier2,121382.0
1042.1,3,2.0,25,36.9,Tier1,84455.0
1164.0,5,2.0,23,18.37,Tier2,111516.0
2238.7,1,1.0,8,7.19,Tier1,164148.0
1228.7,2,2.0,0,13.01,Tier3,74798.0
1731.1,5,1.0,9,0.5,Tier3,131661.0
564.4,3,,18,16.5,Tier1,79401.0
2431.2,1,3.0,31,3.01,Tier2,161077.0
1801.3,2,3.0,14,12.27,Tier2,149031.0
1408.8,4,2.0,11,7.25,Tier3,94595.0
1787.8,5,1.0,22,3.57,Tier2,138550.0
795.1,2,1.0,2,21.87,Tier2,62544.0
2091.3,3,,9,0.5,Tier3,157684.0
1338.0,4,3.0,1,4.58,Tier1,159682.0
1398.0,1,1.0,21,3.38,Tier2,90590.0
1254.2,2,1.0,17,2.36,Tier1,106098.0
1209.7,4,3.0,23,7.66,Tier2,122142.0
1847.3,1,3.0,24,7.66,Tier2,119559.0
1628.0,4,3.0,15,6.71,Tier3,118536.0
1825.9,3,1.0,34,9.17,Tier2,113202.0
1495.6,5,2.0,36,2.71,Tier1,169628.0
1756.6,1,1.0,4,25.99,Tier3,71365.0
1290.6,5,3.0,36,0.53,Tier3,97465.0
2614.9,2,1.0,7,21.66,Tier2,173939.0
716.0,1,3.0,9,0.59,Tier2,87029.0
2130.5,4,2.0,21,3.5,Tier1,197564.0
2184.0,3,3.0,1,5.51,Tier2,181814.0
1073.9,5,2.0,14,1.83,Tier1,149773.0
2614.6,1,1.0,7,4.85,Tier1,187087.0
1997.7,1,3.0,19,4.34,Tier3,134954.0
1985.6,3,2.0,32,10.13,Tier2,147963.0
1514.0,5,2.0,36,3.93,Tier1,168446.0
1391.4,3,2.0,8,5.16,Tier1,133195.0
1395.3,4,2.0,21,3.2,Tier3,130698.0
1695.3,5,2.0,18,36.16,Tier1,131599.0
2200.6,5,1.0,16,2.07,Tier1,188418.0
1590.7,3,1.0,25,5.14,Tier1,139831.0
1044.3,4,1.0,39,7.94,Tier1,120949.0
1912.2,3,1.0,16,3.79,Tier2,150366.0
1960.6,4,3.0,2,0.5,Tier3,158998.0
1827.3,3,1.0,36,6.98,Tier2,130753.0
1872.7,3,1.0,37,5.07,Tier2,124046.0
1364.5,3,1.0,12,0.5,Tier2,113432.0
1035.5,4,3.0,20,6.85,Tier2,98930.0
1065.9,4,2.0,34,2.5,Tier2,106251.0
682.3,5,,20,10.6,Tier2,84160.0
1618.5,4,2.0,19,0.5,Tier2,121491.0
1458.3,1,1.0,36,4.57,Tier2,99336.0
1280.0,3,1.0,33,2.62,Tier3,76253.0
300.0,2,1.0,20,0.5,Tier2,78281.0
876.3,1,3.0,6,17.34,Tier3,40169.0
2060.4,1,1.0,17,5.15,Tier1,153529.0
1167.7,3,2.0,27,3.68,Tier2,90871.0
1680.3,5,3.0,10,12.56,Tier2,136310.0
804.7,3,3.0,21,4.87,Tier1,109287.0
2219.4,3,2.0,26,8.6,Tier3,160410.0
1428.0,1,1.0,3,5.09,Tier2,113036.0
1645.0,4,2.0,22,4.47,Tier1,149412.0
2662.9,1,1.0,29,8.84,Tier3,104906.0
2258.2,5,2.0,8,0.5,Tier1,190091.0
1346.7,5,1.0,21,4.97,Tier2,116525.0
1203.4,5,2.0,28,25.43,Tier2,82746.0
1337.2,2,2.0,1,1.14,Tier3,107332.0
1754.9,1,3.0,25,14.07,Tier2,74784.0
1447.4,2,2.0,10,2.18,Tier2,121383.0
1302.4,4,3.0,15,16.97,Tier3,115174.0
2233.6,2,2.0,25,1.37,Tier2,175383.0
1442.9,5,3.0,0,3.9,Tier3,114044.0
2649.8,1,2.0,0,7.14,Tier3,149906.0
1545.4,1,3.0,17,31.73,Tier2,70775.0
2392.7,2,2.0,37,2.37,Tier3,135372.0
1678.7,4,3.0,0,11.52,Tier2,133808.0
1981.5,4,2.0,31,3.74,Tier1,197017.0
1137.7,2,2.0,2,13.06,Tier1,126262.0
1073.1,4,2.0,19,8.46,Tier2,103459.0
1729.9,4,3.0,17,0.69,Tier1,202952.0
1994.3,3,2.0,18,6.28,Tier2,146534.0
1520.1,3,1.0,3,1.25,Tier2,142112.0
856.8,1,3.0,30,2.74,Tier2,62289.0
819.9,2,3.0,11,6.85,Tier1,94413.0
786.4,3,1.0,30,1.72,Tier3,53097.0
616.2,1,3.0,26,21.73,Tier2,74739.0
1554.7,3,2.0,22,4.78,Tier1,157895.0
2062.5,1,1.0,12,6.09,Tier2,138334.0
1493.3,4,2.0,26,6.39,Tier2,108548.0
369.8,1,3.0,39,4.01,Tier2,54145.0
1404.6,1,1.0,36,3.56,Tier2,64799.0
1418.6,4,3.0,36,8.05,Tier1,115962.0
2548.0,2,2.0,8,15.96,Tier3,139461.0
771.4,2,1.0,23,11.12,Tier2,92139.0
1304.7,2,2.0,15,1.65,Tier1,165719.0
2352.9,2,2.0,38,17.88,Tier3,105024.0
1725.0,4,3.0,38,9.95,Tier2,115798.0
1781.7,4,3.0,34,17.38,Tier2,98426.0
1557.3,2,1.0,6,3.42,Tier2,126130.0
1665.0,4,3.0,12,17.81,Tier2,136704.0
1888.8,4,2.0,28,1.85,Tier2,158669.0
1095.3,3,1.0,29,12.98,Tier1,118653.0
1939.0,3,3.0,14,4.93,Tier1,175876.0
813.5,5,2.0,5,0.5,Tier3,114415.0
1664.2,3,2.0,5,21.48,Tier2,111922.0
1589.4,2,3.0,27,18.29,Tier2,109977.0
1191.9,3,1.0,18,1.88,Tier1,124331.0
1488.7,5,1.0,19,2.96,Tier2,142577.0
1188.7,4,3.0,32,11.54,Tier1,132668.0
964.1,1,1.0,0,11.43,Tier1,108521.0
1323.2,3,1.0,30,10.5,Tier1,130483.0
948.0,4,1.0,10,0.6,Tier2,87122.0
1661.4,2,3.0,37,1.8,Tier2,101334.0
925.0,5,1.0,38,1.05,Tier1,115535.0
1856.0,5,1.0,20,5.71,Tier1,153295.0
909.3,5,2.0,12,0.5,Tier2,114160.0
1216.9,1,1.0,9,1.05,Tier2,94768.0
1187.7,3,2.0,7,7.14,Tier2,133858.0
2162.6,3,2.0,39,1.26,Tier1,171560.0
1665.1,4,2.0,7,10.31,Tier2,157731.0
1394.1,5,2.0,17,0.9,Tier3,129550.0
1749.4,2,3.0,19,19.24,Tier2,107142.0
446.4,3,2.0,27,2.08,Tier1,94232.0
1478.4,4,2.0,33,2.37,Tier2,132614.0
2498.8,4,1.0,22,0.5,Tier2,196639.0
1566.2,4,1.0,30,10.99,Tier1,136133.0
1534.0,2,1.0,22,4.99,Tier2,84397.0
1774.1,5,1.0,17,35.45,Tier3,71797.0
1947.8,1,1.0,6,1.06,Tier2,134423.0
501.3,3,1.0,8,15.37,Tier3,20000.0
658.8,4,1.0,17,1.64,Tier2,116303.0
1605.1,1,1.0,1,7.83,Tier2,127014.0
1142.6,3,2.0,12,3.02,Tier1,128369.0
2156.0,3,1.0,18,5.44,Tier2,134226.0
1342.4,4,1.0,18,1.14,Tier1,163773.0
532.7,1,1.0,32,8.52,Tier2,22104.0
866.0,2,1.0,38,4.23,Tier1,73548.0
300.0,2,1.0,29,0.5,Tier2,35711.0
1382.9,4,2.0,3,2.66,Tier2,142266.0
1405.8,2,2.0,16,0.5,Tier1,152202.0
1287.8,3,3.0,29,1.38,Tier1,156419.0
2039.4,4,2.0,23,13.86,Tier3,144616.0
2099.3,4,2.0,18,3.24,Tier1,188691.0
1414.8,1,3.0,17,10.6,Tier2,117725.0
432.7,5,1.0,16,11.61,Tier2,64835.0
1808.6,1,3.0,23,0.5,Tier2,102119.0
1777.7,1,3.0,7,22.09,Tier2,104708.0
1654.7,1,2.0,20,3.91,Tier1,127955.0
1990.7,2,3.0,8,12.54,Tier2,134609.0
917.6,5,1.0,27,3.87,Tier2,85247.0
2504.4,2,3.0,34,3.41,Tier2,153010.0
1020.3,4,2.0,20,11.44,Tier3,92582.0
1874.6,3,1.0,15,21.08,Tier3,131164.0
656.3,1,1.0,37,6.43,Tier1,42623.0
1034.9,3,3.0,26,0.5,Tier2,85027.0
2258.2,1,2.0,17,5.44,Tier1,158904.0
1369.6,3,1.0,1,2.69,Tier1,164933.0
1920.0,3,2.0,0,6.16,Tier2,154527.0
1618.5,3,3.0,8,4.18,Tier2,132646.0
1447.5,2,2.0,9,2.1,Tier2,134408.0
2181.9,4,1.0,28,0.5,Tier1,197442.0
1381.7,3,1.0,20,0.5,Tier1,141202.0
609.6,2,1.0,39,9.66,Tier3,20000.0
1098.4,3,3.0,21,3.56,Tier3,96896.0
1775.6,1,3.0,36,21.29,Tier1,113933.0
1697.8,5,3.0,22,25.76,Tier2,122760.0
716.5,4,2.0,14,10.44,Tier2,81409.0
1137.8,2,3.0,28,6.91,Tier2,106072.0
1209.1,4,2.0,17,2.48,Tier2,124628.0
1317.3,4,,10,4.63,Tier3,129840.0
812.0,4,1.0,18,6.48,Tier1,135466.0
1185.8,1,2.0,26,17.18,Tier2,77764.0
1135.7,5,2.0,15,8.1,Tier3,97470.0
1885.8,5,1.0,28,2.3,Tier1,189737.0
1904.6,5,2.0,39,3.99,Tier1,176224.0
1427.1,5,3.0,16,26.09,Tier2,156297.0
1304.0,5,2.0,11,1.98,Tier3,128671.0
1570.0,4,2.0,16,11.02,Tier2,139944.0
1091.7,1,1.0,33,1.36,Tier3,63913.0
926.6,3,1.0,7,1.56,Tier2,101371.0
1029.9,2,1.0,38,18.21,Tier1,76358.0
1182.6,2,1.0,16,4.86,Tier2,100912.0
918.3,5,3.0,33,5.26,Tier3,96016.0
1581.0,5,3.0,31,3.18,Tier3,142754.0
1864.9,3,2.0,31,3.78,Tier1,162544.0
706.5,4,2.0,36,4.68,Tier1,95959.0
1512.6,1,2.0,7,2.03,Tier3,100695.0
1390.0,2,2.0,23,1.73,Tier1,115184.0
1670.8,5,2.0,3,12.33,Tier1,201264.0
1493.5,3,2.0,11,3.15,Tier3,107977.0
773.2,3,3.0,1,4.99,Tier2,120387.0
868.8,3,2.0,27,25.46,Tier2,64438.0
1514.7,2,2.0,24,0.5,Tier1,146492.0
2014.4,5,2.0,29,2.48,Tier1,182787.0
392.9,4,1.0,7,5.81,Tier3,52256.0
1672.9,4,,13,16.38,Tier2,111059.0
2094.8,2,1.0,27,12.47,Tier1,175100.0
1423.5,4,2.0,33,17.18,Tier2,102864.0
1775.1,5,3.0,35,2.59,Tier1,189526.0
1148.5,4,3.0,2,6.27,Tier1,176068.0
1440.3,3,3.0,16,20.76,Tier1,127137.0
689.5,2,1.0,0,14.54,Tier2,79384.0
327.8,3,3.0,32,5.54,Tier1,83822.0
1971.4,2,3.0,4,0.72,Tier2,143144.0
1007.5,4,2.0,32,6.98,Tier2,90613.0
1272.2,1,1.0,6,0.5,Tier2,115024.0
806.8,1,2.0,0,13.32,Tier1,94868.0
795.0,4,,35,21.51,Tier1,88064.0
1413.1,2,3.0,17,10.94,Tier1,132325.0
1135.2,3,2.0,16,2.53,Tier2,141597.0
1689.0,3,2.0,25,5.27,Tier2,99614.0
1726.3,3,2.0,10,5.8,Tier1,172883.0
1660.4,4,1.0,27,3.44,Tier3,110496.0
1619.3,2,2.0,17,16.44,Tier2,99029.0
2288.9,4,1.0,10,3.42,Tier1,195173.0
966.2,2,3.0,15,15.48,Tier1,118742.0
1472.5,2,3.0,0,6.35,Tier1,167880.0
2066.3,3,2.0,12,1.08,Tier1,189215.0
2132.3,5,2.0,23,17.37,Tier2,168763.0
789.1,2,3.0,5,5.52,Tier1,138863.0
1343.8,3,2.0,4,0.83,Tier3,129246.0
2179.1,1,3.0,26,17.37,Tier2,117119.0
1754.0,1,2.0,17,11.96,Tier2,120162.0
1597.6,4,1.0,5,2.58,Tier3,137271.0
1391.2,4,1.0,29,4.37,Tier2,100880.0
1308.1,2,1.0,31,20.01,Tier3,34054.0
1644.1,4,2.0,1,3.34,Tier3,109058.0
1373.8,2,2.0,8,6.81,Tier2,116161.0
1478.7,2,2.0,14,12.76,Tier1,137893.0
1539.3,3,1.0,29,3.59,Tier2,95733.0
1161.0,2,3.0,2,15.79,Tier1,144191.0
1766.1,5,2.0,32,9.62,Tier2,138439.0
2957.1,3,3.0,12,6.42,Tier2,224788.0
611.5,2,2.0,5,5.52,Tier2,86505.0
1662.0,3,2.0,34,14.91,Tier3,76014.0
1119.9,4,2.0,3,10.94,Tier1,149340.0
1788.7,2,1.0,5,5.18,Tier2,145269.0
1523.3,5,1.0,37,3.34,Tier2,114347.0
1880.9,3,2.0,20,3.84,Tier3,105808.0
2087.8,4,,18,7.87,Tier2,164051.0
1596.2,5,1.0,27,0.5,Tier1,147598.0
2066.0,3,2.0,25,1.41,Tier2,167418.0
327.9,1,3.0,24,21.95,Tier1,47744.0
2295.2,4,3.0,0,12.24,Tier2,207947.0
1687.5,1,2.0,22,11.26,Tier2,74397.0
2038.9,3,1.0,11,6.21,Tier2,151713.0
890.1,5,,32,2.54,Tier2,117296.0
1084.6,3,2.0,20,7.21,Tier3,70226.0
1573.0,4,3.0,4,0.5,Tier3,139460.0
1491.5,3,1.0,35,5.55,Tier2,97864.0
1641.5,2,3.0,11,0.5,Tier2,128420.0
2042.3,2,3.0,10,3.76,Tier2,159267.0
617.4,3,1.0,37,33.75,Tier3,20000.0
1986.9,1,2.0,31,3.15,Tier3,107102.0
1504.1,3,1.0,34,9.4,Tier1,133463.0
1398.1,3,3.0,26,4.11,Tier1,139944.0
764.4,5,2.0,36,0.5,Tier1,103819.0
1751.5,1,1.0,4,0.5,Tier1,172229.0
300.0,5,1.0,23,1.3,Tier2,85998.0
1824.2,3,2.0,11,2.02,Tier1,158369.0
753.9,4,1.0,15,4.01,Tier2,73472.0
1526.7,3,1.0,9,2.25,Tier1,141160.0
1440.4,2,1.0,8,6.04,Tier1,147551.0
2084.8,5,2.0,17,12.04,Tier2,165328.0
1410.7,2,3.0,36,0.5,Tier2,118985.0
1152.9,1,2.0,25,1.19,Tier2,84332.0
1246.7,4,,13,22.96,Tier3,67517.0
2136.4,4,,17,10.33,Tier3,156605.0
1768.1,5,3.0,21,1.46,Tier2,151557.0
1307.2,3,1.0,9,0.62,Tier1,149214.0
1381.8,1,1.0,20,15.41,Tier1,84342.0
716.4,1,1.0,27,19.04,Tier3,20000.0
1694.2,3,3.0,9,5.95,Tier2,159509.0
620.1,2,1.0,23,6.22,Tier3,35399.0
1875.9,5,2.0,28,0.71,Tier2,167759.0
1564.3,1,3.0,20,5.4,Tier1,103766.0
2693.5,5,2.0,11,6.45,Tier2,194747.0
949.9,2,2.0,22,22.15,Tier3,46748.0
1448.7,1,1.0,31,1.51,Tier3,104959.0
2399.1,2,1.0,8,3.42,Tier1,172915.0
2095.7,1,1.0,22,5.17,Tier2,139042.0
1151.9,3,3.0,27,1.47,Tier1,149083.0
1612.0,2,1.0,12,12.33,Tier3,86384.0
1501.0,3,1.0,15,2.78,Tier1,143115.0
1641.0,3,3.0,35,2.74,Tier2,126888.0
1150.7,1,2.0,14,12.54,Tier1,87061.0
1455.3,1,2.0,23,0.79,Tier2,99592.0
701.0,1,3.0,5,6.25,Tier2,100695.0
1567.6,1,2.0,37,2.84,Tier2,106207.0
1725.0,1,3.0,23,4.06,Tier3,103627.0
1386.3,2,,30,5.28,Tier3,86678.0
692.5,3,3.0,24,10.5,Tier3,70543.0
1994.3,2,3.0,14,7.57,Tier2,157011.0
1682.3,2,2.0,13,8.34,Tier2,116356.0
1137.0,3,1.0,28,7.02,Tier2,113042.0
1359.7,3,3.0,34,5.29,Tier2,128184.0
749.7,2,1.0,5,15.76,Tier2,80726.0
987.3,2,1.0,33,0.51,Tier2,65709.0
1231.1,3,2.0,33,8.76,Tier1,103343.0
2114.2,1,3.0,4,5.37,Tier2,149169.0
1180.2,3,,4,1.61,Tier1,143796.0
1820.1,5,3.0,27,21.49,Tier1,132092.0
1230.8,2,3.0,33,15.44,Tier1,115038.0
1624.0,1,3.0,15,15.73,Tier1,152633.0
1429.3,4,2.0,25,3.26,Tier3,118194.0
1936.5,1,1.0,39,7.04,Tier2,95043.0
1232.6,1,2.0,12,9.62,Tier1,106573.0
713.7,1,1.0,9,6.39,Tier3,58311.0
809.0,5,3.0,39,8.01,Tier3,72343.0
1234.1,5,2.0,11,7.88,Tier3,120095.0
875.5,3,2.0,18,4.6,Tier3,86880.0
1705.1,4,2.0,17,3.35,Tier3,146008.0
1267.1,4,3.0,20,3.36,Tier2,108345.0
2687.3,4,2.0,10,1.35,Tier3,190069.0
631.1,3,3.0,27,13.9,Tier3,46822.0
1601.8,5,3.0,27,23.02,Tier2,119382.0
936.0,4,3.0,8,5.69,Tier3,113539.0
1253.3,1,2.0,19,6.09,Tier3,92748.0
1570.7,2,3.0,2,40.12,Tier3,100772.0
337.3,5,1.0,8,15.14,Tier3,63679.0
1618.4,3,1.0,39,11.79,Tier2,97921.0
2451.5,2,2.0,20,2.21,Tier2,161130.0
1273.3,5,3.0,24,12.2,Tier2,93801.0
1629.9,4,1.0,35,0.83,Tier2,144593.0
2012.5,3,2.0,28,1.95,Tier3,125053.0
1418.0,3,1.0,31,6.38,Tier3,95034.0
1209.5,1,2.0,28,3.12,Tier2,97511.0
362.1,2,1.0,19,4.33,Tier3,20033.0
1820.5,3,3.0,25,3.6,Tier1,151854.0
1443.4,5,3.0,11,9.19,Tier3,150543.0
993.7,2,3.0,35,3.75,Tier1,112536.0
1563.3,1,3.0,7,4.59,Tier2,116349.0
1208.2,3,1.0,35,18.21,Tier1,97661.0
1235.8,5,2.0,35,15.79,Tier2,116139.0
1803.1,3,1.0,5,0.5,Tier2,163569.0
830.8,2,2.0,28,2.46,Tier1,80202.0
2023.7,4,2.0,39,16.88,Tier2,151240.0
801.2,4,3.0,22,0.5,Tier2,118350.0
1168.6,2,1.0,13,1.88,Tier1,124492.0
2461.5,5,3.0,35,7.68,Tier2,157984.0
2063.7,3,2.0,20,7.19,Tier1,188360.0
1548.8,1,3.0,4,4.99,Tier1,158401.0
1029.7,3,2.0,9,4.59,Tier1,110907.0
1235.4,5,2.0,27,9.39,Tier2,110417.0
1536.6,2,3.0,18,10.53,Tier3,147692.0
1518.8,3,,8,13.28,Tier2,127850.0
1454.6,4,1.0,31,5.54,Tier3,87149.0
1484.6,4,2.0,4,1.43,Tier2,131187.0
1392.8,5,1.0,8,7.17,Tier3,146223.0
779.0,1,2.0,18,10.81,Tier3,62296.0
1241.7,3,3.0,1,28.11,Tier2,122662.0
1957.3,3,3.0,15,5.58,Tier1,181898.0
815.8,1,1.0,36,3.46,Tier1,99655.0
1405.2,4,2.0,37,17.96,Tier2,83382.0
1090.1,1,2.0,34,0.5,Tier2,82145.0
1555.7,3,,12,3.72,Tier1,162028.0
1305.7,2,1.0,2,7.54,Tier3,116379.0
2238.7,1,1.0,32,2.78,Tier3,120783.0
1753.3,5,2.0,14,15.88,Tier1,158031.0
844.1,2,2.0,29,7.65,Tier1,96785.0
1835.6,2,3.0,4,30.2,Tier1,118192.0
1112.7,5,2.0,26,4.78,Tier2,79282.0
1211.5,5,2.0,23,1.8,Tier3,122491.0
1656.9,1,2.0,36,16.56,Tier2,81551.0
1254.1,2,3.0,4,5.23,Tier1,140311.0
1946.4,4,2.0,16,12.43,Tier2,159072.0
1112.7,4,2.0,39,5.71,Tier1,140541.0
1190.5,5,1.0,15,1.09,Tier2,134241.0
1171.8,3,3.0,26,1.04,Tier2,139469.0
1217.2,1,3.0,6,3.21,Tier2,117745.0
2049.6,5,1.0,29,1.04,Tier2,162566.0
1814.4,1,2.0,11,0.61,Tier3,122797.0
2355.0,1,1.0,22,23.96,Tier1,125120.0
2633.8,4,3.0,35,2.05,Tier3,182575.0
984.6,4,1.0,26,6.51,Tier1,80938.0
1535.2,1,1.0,18,0.5,Tier2,100967.0
911.9,1,1.0,7,4.2,Tier3,68296.0
1111.2,3,2.0,13,2.06,Tier2,99842.0
1185.0,2,1.0,33,4.41,Tier1,101777.0
971.4,4,2.0,8,16.2,Tier2,127327.0
974.1,3,,26,3.22,Tier2,114605.0
1427.9,3,3.0,19,9.21,Tier3,93858.0
891.6,3,1.0,12,2.55,Tier2,88878.0
1921.1,2,1.0,28,9.87,Tier1,123651.0
1041.1,2,1.0,14,1.23,Tier2,105960.0
2904.8,4,3.0,11,9.58,Tier1,228194.0
1274.3,3,2.0,21,10.65,Tier1,98640.0
1536.0,3,,30,0.5,Tier2,122712.0
852.3,3,3.0,34,0.5,Tier3,80401.0
2353.0,2,2.0,25,8.01,Tier1,188482.0
2059.8,5,1.0,26,3.23,Tier3,142215.0
1648.5,3,2.0,31,15.95,Tier2,101890.0
826.6,4,3.0,10,38.85,Tier3,83500.0
1605.3,5,1.0,10,6.2,Tier1,169924.0
939.3,5,2.0,19,7.57,Tier2,118476.0
2231.2,4,2.0,25,2.58,Tier1,182374.0
1904.6,4,1.0,25,27.59,Tier1,149471.0
1547.7,3,1.0,6,7.66,Tier2,105559.0
300.0,4,2.0,31,5.58,Tier2,53571.0
1008.3,2,2.0,14,5.09,Tier1,100980.0
1843.9,4,1.0,35,0.71,Tier1,151272.0
2106.4,1,2.0,28,8.94,Tier3,128948.0
2054.6,5,2.0,39,1.48,Tier3,130570.0
704.0,2,2.0,25,1.59,Tier2,85060.0
1650.8,4,3.0,21,9.44,Tier3,144174.0
2007.8,1,1.0,7,0.56,Tier1,166702.0
670.8,1,2.0,15,5.92,Tier2,82344.0
1496.0,5,1.0,34,7.12,Tier3,112026.0
1636.9,5,3.0,15,0.67,Tier2,160785.0
1349.6,2,1.0,2,2.51,Tier1,155123.0
573.9,1,3.0,9,11.84,Tier2,92886.0
1337.2,5,1.0,23,6.66,Tier2,110904.0
1336.3,5,1.0,25,3.71,Tier2,107976.0
1426.0,1,2.0,39,1.9,Tier2,75551.0
1218.3,4,3.0,37,7.01,Tier2,119821.0
1278.5,2,1.0,21,3.29,Tier1,141113.0
1480.1,4,1.0,22,4.89,Tier2,114485.0
1721.2,3,3.0,32,8.62,Tier1,117076.0
1347.8,1,1.0,1,15.4,Tier3,70987.0
1295.2,2,1.0,23,31.37,Tier2,72934.0
1546.2,3,3.0,18,11.21,Tier2,122459.0
539.5,4,1.0,31,8.86,Tier2,66250.0
1738.5,1,3.0,32,30.71,Tier1,99619.0
1499.7,5,3.0,26,2.71,Tier2,156140.0
1519.8,4,3.0,26,5.75,Tier2,135442.0
1980.4,5,1.0,27,5.13,Tier2,160055.0
523.6,5,1.0,23,8.19,Tier2,80343.0
513.1,1,2.0,9,9.02,Tier3,53498.0
1636.9,1,2.0,11,25.15,Tier2,102742.0
1496.4,4,3.0,29,1.58,Tier2,117804.0
1585.1,1,2.0,24,6.4,Tier2,110973.0
1268.9,1,3.0,9,3.73,Tier1,146643.0
1832.2,3,3.0,35,1.56,Tier1,178064.0
1966.3,5,3.0,39,1.31,Tier3,146780.0
1742.0,4,1.0,25,3.03,Tier3,105982.0
1369.6,3,1.0,9,3.34,Tier3,94101.0
446.2,1,1.0,37,18.39,Tier1,37109.0
1884.6,2,,9,3.77,Tier1,171354.0
2110.9,4,1.0,17,6.92,Tier2,153802.0
1822.3,1,3.0,34,8.57,Tier3,79777.0
1060.2,3,1.0,20,7.35,Tier1,100247.0
1836.9,1,3.0,9,4.4,Tier1,130892.0
1930.3,2,3.0,3,18.95,Tier1,115578.0
2279.4,2,1.0,14,16.96,Tier3,121442.0
1061.9,4,1.0,26,6.35,Tier3,116484.0
1386.8,5,2.0,28,0.7,Tier2,158054.0
1873.6,1,2.0,8,4.58,Tier1,145118.0
1528.7,4,1.0,6,3.17,Tier2,142083.0
941.3,4,,28,5.75,Tier2,72802.0
1707.3,5,1.0,6,4.73,Tier1,160206.0
1789.3,5,1.0,2,6.03,Tier1,167674.0
1544.0,1,3.0,19,8.3,Tier2,106660.0
1609.8,4,3.0,22,8.93,Tier2,131436.0
1370.6,3,1.0,9,8.48,Tier3,103943.0
2239.1,1,3.0,8,10.66,Tier2,160709.0
1049.7,2,2.0,9,12.72,Tier2,85965.0
1206.3,5,2.0,13,4.49,Tier2,130070.0
1505.5,3,1.0,0,21.72,Tier2,96805.0
1939.5,2,2.0,0,25.93,Tier1,131685.0
751.3,2,2.0,14,2.78,Tier2,61539.0
844.9,5,2.0,0,18.45,Tier1,139842.0
481.1,2,1.0,12,8.47,Tier2,55221.0
1516.3,1,1.0,23,7.44,Tier2,68420.0
940.8,3,2.0,1,1.61,Tier2,112361.0
1307.7,5,1.0,24,7.24,Tier2,98765.0
1830.7,1,1.0,24,4.52,Tier1,164819.0
1179.2,2,2.0,22,42.78,Tier2,42342.0
1615.6,3,3.0,25,13.52,Tier2,128785.0
1350.3,1,2.0,32,6.3,Tier3,88694.0
1836.1,4,1.0,2,13.47,Tier2,131719.0
1737.6,2,3.0,6,5.06,Tier3,128150.0
1154.0,1,2.0,12,0.73,Tier2,108529.0
1415.7,2,3.0,27,19.28,Tier3,78778.0
2021.9,5,1.0,34,7.19,Tier1,175686.0
1696.7,5,2.0,36,3.17,Tier1,142283.0
801.5,3,1.0,23,9.81,Tier1,107218.0
1827.8,3,2.0,16,16.75,Tier1,145193.0
957.7,5,1.0,16,12.33,Tier3,90530.0
2206.3,1,3.0,2,4.37,Tier2,175263.0
2012.0,4,1.0,18,0.77,Tier2,167311.0
1644.9,4,2.0,20,16.43,Tier2,128766.0
1578.6,4,1.0,8,5.47,Tier2,147597.0
1395.5,2,3.0,30,0.5,Tier2,121500.0
1839.3,4,2.0,32,1.53,Tier3,148954.0
1314.6,4,3.0,12,0.5,Tier2,137020.0
1617.8,5,2.0,36,9.29,Tier2,128401.0
1936.0,1,2.0,4,17.85,Tier1,164160.0
1219.1,4,1.0,36,10.56,Tier3,69126.0
1191.9,5,2.0,30,1.81,Tier1,123399.0
902.8,2,2.0,8,21.42,Tier2,81439.0
967.8,4,1.0,26,1.63,Tier3,79544.0
585.8,1,2.0,12,15.36,Tier1,61149.0
1864.9,4,1.0,31,6.9,Tier1,164676.0
2404.5,4,1.0,6,0.5,Tier2,208290.0
2212.7,1,1.0,9,1.86,Tier2,124753.0
687.0,1,2.0,12,0.92,Tier3,76982.0
1862.4,4,1.0,7,6.98,Tier3,98090.0
2211.1,2,1.0,13,11.76,Tier2,136037.0
1271.6,3,2.0,24,9.02,Tier3,115161.0
1550.7,1,1.0,25,16.74,Tier2,80525.0
496.1,5,1.0,22,8.61,Tier3,63215.0
1633.4,3,2.0,7,1.6,Tier1,179589.0
968.2,5,1.0,8,10.39,Tier2,83793.0
1599.8,1,3.0,36,7.38,Tier1,126420.0
719.4,2,2.0,10,5.19,Tier1,108701.0
1771.4,4,3.0,4,15.73,Tier2,176426.0
2012.3,4,3.0,18,35.62,Tier1,131931.0
1108.4,4,3.0,0,3.88,Tier2,127042.0
931.5,5,2.0,13,5.81,Tier2,100280.0
422.0,5,2.0,34,8.14,Tier1,78619.0
1366.8,1,,10,10.99,Tier2,122058.0
1209.2,2,1.0,28,10.44,Tier2,81928.0
724.5,5,3.0,19,0.75,Tier3,86795.0
1726.5,3,1.0,14,0.5,Tier1,155758.0
1275.0,5,1.0,26,7.94,Tier3,89969.0
962.1,3,1.0,23,1.28,Tier3,70063.0
1222.7,1,1.0,12,3.36,Tier2,76542.0
2035.7,3,1.0,8,7.13,Tier2,146950.0
1801.5,5,3.0,36,1.25,Tier2,144385.0
1435.0,4,1.0,6,13.52,Tier3,96359.0
1809.6,1,3.0,38,6.83,Tier2,112201.0
919.5,2,2.0,18,0.51,Tier3,80558.0
1516.2,5,3.0,39,0.5,Tier3,110660.0
1573.7,5,2.0,14,2.74,Tier2,147033.0
1265.1,4,1.0,22,3.17,Tier2,146229.0
1717.7,1,1.0,24,7.15,Tier2,137909.0
1109.8,4,2.0,13,1.34,Tier3,89667.0
1754.9,5,3.0,8,6.32,Tier3,135047.0
1775.9,4,1.0,20,5.95,Tier1,146764.0
300.0,3,2.0,26,5.07,Tier1,97969.0
2095.2,3,3.0,10,21.23,Tier2,139309.0
300.0,2,3.0,30,6.3,Tier3,38039.0
1192.0,2,2.0,25,0.5,Tier2,129953.0
2012.7,4,1.0,6,7.48,Tier3,143701.0
1341.4,1,1.0,37,0.92,Tier2,94960.0
766.9,1,2.0,1,3.36,Tier1,119325.0
953.1,2,2.0,26,4.02,Tier3,59211.0
2013.5,4,1.0,17,3.84,Tier2,170356.0
539.2,4,1.0,26,1.95,Tier2,63074.0
2064.5,3,2.0,30,11.35,Tier1,179702.0
1472.4,3,3.0,27,6.97,Tier1,133849.0
903.8,1,1.0,26,4.59,Tier1,84715.0
1208.4,2,2.0,33,16.71,Tier2,58642.0
991.4,1,1.0,28,6.12,Tier2,53965.0
1933.1,4,1.0,32,5.93,Tier2,129533.0
1866.2,4,2.0,16,3.17,Tier1,142236.0
640.4,2,1.0,8,6.65,Tier1,95141.0
1298.2,2,1.0,9,2.98,Tier2,102519.0
1068.4,2,3.0,24,8.48,Tier3,86890.0
2146.8,5,1.0,21,3.7,Tier2,172441.0
825.0,3,1.0,3,4.93,Tier1,111319.0
2302.1,4,3.0,8,11.4,Tier2,170153.0
1483.4,3,2.0,38,0.5,Tier3,93648.0
919.0,4,1.0,29,1.93,Tier3,99724.0
1161.4,3,2.0,30,7.69,Tier3,66503.0
1099.2,2,2.0,7,1.21,Tier3,83113.0
862.7,5,1.0,2,6.01,Tier2,97389.0
1547.4,4,2.0,11,10.69,Tier3,95509.0
886.0,4,2.0,34,1.72,Tier1,121637.0
409.8,5,1.0,20,1.27,Tier3,71007.0
1310.2,2,3.0,31,7.67,Tier3,101742.0
598.6,1,2.0,19,2.9,Tier3,64867.0
1123.9,3,3.0,19,0.5,Tier2,150353.0
1045.4,2,1.0,24,2.88,Tier3,69506.0
1064.4,3,1.0,38,2.63,Tier1,104752.0
2500.5,2,3.0,17,7.91,Tier2,148424.0
1528.2,2,3.0,23,21.51,Tier2,108643.0
1622.7,2,1.0,36,4.28,Tier2,104972.0
611.8,2,3.0,14,4.69,Tier2,89530.0
1173.0,4,1.0,33,3.21,Tier2,83314.0
1607.7,3,2.0,21,1.93,Tier1,160542.0
987.7,3,1.0,35,19.21,Tier2,65417.0
1954.0,1,2.0,18,2.43,Tier2,135477.0
898.7,3,3.0,25,21.12,Tier2,63337.0
1356.8,1,3.0,12,3.29,Tier2,130128.0
1207.0,2,3.0,25,49.06,Tier1,103236.0
1582.2,3,1.0,13,2.83,Tier3,97656.0
1179.8,1,3.0,24,1.5,Tier2,106800.0
1364.6,2,2.0,31,31.59,Tier1,48353.0
1381.9,2,2.0,17,10.59,Tier2,113814.0
1132.8,5,3.0,17,11.3,Tier2,91422.0
1742.5,5,2.0,12,27.03,Tier2,122212.0
1619.2,1,2.0,29,7.75,Tier1,106765.0
1455.7,4,2.0,23,2.46,Tier1,150198.0
1284.8,4,2.0,20,4.92,Tier1,156922.0
1898.3,2,3.0,1,1.29,Tier1,155709.0
1382.1,3,2.0,4,7.47,Tier1,145554.0
1346.7,4,2.0,0,4.55,Tier3,116166.0
1552.3,2,1.0,34,1.06,Tier2,128859.0
2348.3,1,2.0,34,4.65,Tier2,144107.0
829.8,2,3.0,2,2.15,Tier2,85657.0
1884.9,2,2.0,1,12.15,Tier2,132799.0
553.4,2,1.0,31,4.76,Tier1,101503.0
1608.6,2,2.0,20,9.09,Tier1,150241.0
2287.5,1,3.0,12,7.37,Tier1,165159.0
1744.3,5,1.0,24,1.98,Tier2,141635.0
1585.3,1,1.0,9,17.16,Tier2,95942.0
1219.8,4,2.0,7,1.33,Tier2,122721.0
1515.5,4,2.0,14,2.8,Tier2,112565.0
1374.0,4,1.0,35,0.5,Tier3,86934.0
1107.0,5,3.0,30,8.21,Tier2,132334.0
1355.1,1,3.0,7,1.24,Tier2,112943.0
1599.2,2,2.0,22,11.12,Tier2,108466.0
1116.4,1,2.0,35,3.46,Tier2,78776.0
1096.9,3,1.0,38,3.12,Tier2,117969.0
819.9,4,3.0,30,0.57,Tier2,98446.0
1695.4,5,3.0,5,15.8,Tier1,193222.0
1772.7,2,2.0,9,29.45,Tier2,98123.0
1615.8,2,2.0,8,2.82,Tier3,113111.0
1982.6,5,3.0,6,3.22,Tier2,180653.0
1543.9,4,3.0,7,7.28,Tier3,118249.0
1696.0,4,1.0,12,5.7,Tier2,137308.0
1651.9,3,3.0,22,21.04,Tier2,127064.0
1454.2,3,3.0,15,6.99,Tier2,114313.0
1234.6,2,3.0,16,26.35,Tier2,83309.0
2607.1,4,2.0,9,16.06,Tier3,176515.0
